experiment,schedule_id,impact_type,measurement_domain,x_coordinate,x_value,mean_signed_log_mid_impact,standard_error,active_observation_fraction,software_version
single_trade,not_applicable,own,operational_gaussian,lag_seconds,0.0,0.14707420531925813,0.00043365390027119135,1.0,2.1.0-r13
single_trade,not_applicable,own,operational_gaussian,lag_seconds,0.5,0.12854908658575934,0.000762883087566949,1.0,2.1.0-r13
single_trade,not_applicable,own,operational_gaussian,lag_seconds,1.0,0.11985738459838237,0.0005033071288649114,1.0,2.1.0-r13
single_trade,not_applicable,own,operational_gaussian,lag_seconds,2.0,0.1071037734044324,0.00019995913388440182,1.0,2.1.0-r13
single_trade,not_applicable,own,operational_gaussian,lag_seconds,5.0,0.08231275312785336,0.00010406272716012021,1.0,2.1.0-r13
single_trade,not_applicable,own,operational_gaussian,lag_seconds,10.0,0.0613450232511533,5.141718144132721e-05,1.0,2.1.0-r13
single_trade,not_applicable,own,operational_gaussian,lag_seconds,20.0,0.04143818584876367,1.4002301880574314e-05,1.0,2.1.0-r13
single_trade,not_applicable,own,operational_gaussian,lag_seconds,40.0,0.025245253743304746,1.7079580094693268e-06,1.0,2.1.0-r13
single_trade,not_applicable,own,operational_gaussian,lag_seconds,80.0,0.015882661968562858,1.5289851216154379e-06,1.0,2.1.0-r13
single_trade,not_applicable,own,operational_gaussian,lag_seconds,120.0,0.013683408428467618,6.167130105615991e-07,1.0,2.1.0-r13
single_trade,not_applicable,own,operational_gaussian,lag_seconds,160.0,0.01301358148278827,1.4819917658646036e-06,1.0,2.1.0-r13
single_trade,not_applicable,own,operational_gaussian,lag_seconds,200.0,0.012713556283584615,1.921921106526432e-06,1.0,2.1.0-r13
single_trade,not_applicable,own,poisson_previous_refresh,lag_seconds,0.0,0.0,0.0,0.0,2.1.0-r13
single_trade,not_applicable,own,poisson_previous_refresh,lag_seconds,0.5,0.0,0.0,0.0,2.1.0-r13
single_trade,not_applicable,own,poisson_previous_refresh,lag_seconds,1.0,0.0157642520552891,0.01032012547396078,0.125,2.1.0-r13
single_trade,not_applicable,own,poisson_previous_refresh,lag_seconds,2.0,0.04458851682982183,0.009731178250288906,0.375,2.1.0-r13
single_trade,not_applicable,own,poisson_previous_refresh,lag_seconds,5.0,0.04834862928805829,0.002607024009244805,0.5,2.1.0-r13
single_trade,not_applicable,own,poisson_previous_refresh,lag_seconds,10.0,0.07439969002731676,0.00716056918880983,0.875,2.1.0-r13
single_trade,not_applicable,own,poisson_previous_refresh,lag_seconds,20.0,0.061354707533256864,0.006805129713219925,1.0,2.1.0-r13
single_trade,not_applicable,own,poisson_previous_refresh,lag_seconds,40.0,0.029101440112343176,0.0006877322913909012,1.0,2.1.0-r13
single_trade,not_applicable,own,poisson_previous_refresh,lag_seconds,80.0,0.01680716451593122,0.00022351158009901984,1.0,2.1.0-r13
single_trade,not_applicable,own,poisson_previous_refresh,lag_seconds,120.0,0.013938187659355136,6.39934178889923e-05,1.0,2.1.0-r13
single_trade,not_applicable,own,poisson_previous_refresh,lag_seconds,160.0,0.013209589356041383,7.51105593792897e-05,1.0,2.1.0-r13
single_trade,not_applicable,own,poisson_previous_refresh,lag_seconds,200.0,0.012815329513423616,1.2280980694679474e-05,1.0,2.1.0-r13
single_trade,not_applicable,own,mittag_leffler_previous_refresh,lag_seconds,0.0,0.0,0.0,0.0,2.1.0-r13
single_trade,not_applicable,own,mittag_leffler_previous_refresh,lag_seconds,0.5,0.0,0.0,0.0,2.1.0-r13
single_trade,not_applicable,own,mittag_leffler_previous_refresh,lag_seconds,1.0,0.0,0.0,0.0,2.1.0-r13
single_trade,not_applicable,own,mittag_leffler_previous_refresh,lag_seconds,2.0,0.007424980393204952,0.0074249803932049515,0.0625,2.1.0-r13
single_trade,not_applicable,own,mittag_leffler_previous_refresh,lag_seconds,5.0,0.012752983803497127,0.008497941242645976,0.125,2.1.0-r13
single_trade,not_applicable,own,mittag_leffler_previous_refresh,lag_seconds,10.0,0.01645397139217871,0.008421103249250418,0.1875,2.1.0-r13
single_trade,not_applicable,own,mittag_leffler_previous_refresh,lag_seconds,20.0,0.016620305348947192,0.00748854382473955,0.25,2.1.0-r13
single_trade,not_applicable,own,mittag_leffler_previous_refresh,lag_seconds,40.0,0.022531778559073155,0.008009068475191224,0.5,2.1.0-r13
single_trade,not_applicable,own,mittag_leffler_previous_refresh,lag_seconds,80.0,0.023436529081772184,0.008252966430961845,0.6875,2.1.0-r13
single_trade,not_applicable,own,mittag_leffler_previous_refresh,lag_seconds,120.0,0.014014801973629023,0.0033550406601381977,0.75,2.1.0-r13
single_trade,not_applicable,own,mittag_leffler_previous_refresh,lag_seconds,160.0,0.014356140072830948,0.0031724361621347573,0.8125,2.1.0-r13
single_trade,not_applicable,own,mittag_leffler_previous_refresh,lag_seconds,200.0,0.01397668913033602,0.003148799030392994,0.8125,2.1.0-r13
single_trade,not_applicable,own,tempered_mittag_leffler_previous_refresh,lag_seconds,0.0,0.0,0.0,0.0,2.1.0-r13
single_trade,not_applicable,own,tempered_mittag_leffler_previous_refresh,lag_seconds,0.5,0.0,0.0,0.0,2.1.0-r13
single_trade,not_applicable,own,tempered_mittag_leffler_previous_refresh,lag_seconds,1.0,0.008250941078534229,0.008250941078534229,0.0625,2.1.0-r13
single_trade,not_applicable,own,tempered_mittag_leffler_previous_refresh,lag_seconds,2.0,0.008250941078534229,0.008250941078534229,0.0625,2.1.0-r13
single_trade,not_applicable,own,tempered_mittag_leffler_previous_refresh,lag_seconds,5.0,0.02127216725198213,0.010493096204091373,0.1875,2.1.0-r13
single_trade,not_applicable,own,tempered_mittag_leffler_previous_refresh,lag_seconds,10.0,0.03955280030065638,0.007039494849162604,0.5,2.1.0-r13
single_trade,not_applicable,own,tempered_mittag_leffler_previous_refresh,lag_seconds,20.0,0.04481802000397499,0.0038061839872011306,0.8125,2.1.0-r13
single_trade,not_applicable,own,tempered_mittag_leffler_previous_refresh,lag_seconds,40.0,0.03731572212883261,0.004490370802897395,0.9375,2.1.0-r13
single_trade,not_applicable,own,tempered_mittag_leffler_previous_refresh,lag_seconds,80.0,0.019229228245917426,0.003182670250221319,0.9375,2.1.0-r13
single_trade,not_applicable,own,tempered_mittag_leffler_previous_refresh,lag_seconds,120.0,0.01723546717176331,0.003142835132991189,1.0,2.1.0-r13
single_trade,not_applicable,own,tempered_mittag_leffler_previous_refresh,lag_seconds,160.0,0.01650221219940981,0.0031859823079895093,1.0,2.1.0-r13
single_trade,not_applicable,own,tempered_mittag_leffler_previous_refresh,lag_seconds,200.0,0.012973765024915013,8.1641814729158e-05,1.0,2.1.0-r13
single_trade,not_applicable,cross,operational_gaussian,lag_seconds,0.0,0.0,0.0,1.0,2.1.0-r13
single_trade,not_applicable,cross,operational_gaussian,lag_seconds,0.5,0.0009189646067374557,2.6736275121604335e-06,1.0,2.1.0-r13
single_trade,not_applicable,cross,operational_gaussian,lag_seconds,1.0,0.001716448287263304,7.391077205625974e-06,1.0,2.1.0-r13
single_trade,not_applicable,cross,operational_gaussian,lag_seconds,2.0,0.003146218129960298,1.2852062652001119e-05,1.0,2.1.0-r13
single_trade,not_applicable,cross,operational_gaussian,lag_seconds,5.0,0.006550213984347836,1.5101784347072495e-05,1.0,2.1.0-r13
single_trade,not_applicable,cross,operational_gaussian,lag_seconds,10.0,0.010500887502466878,1.8891353713849717e-05,1.0,2.1.0-r13
single_trade,not_applicable,cross,operational_gaussian,lag_seconds,20.0,0.015196769313715072,2.0056525591352524e-05,1.0,2.1.0-r13
single_trade,not_applicable,cross,operational_gaussian,lag_seconds,40.0,0.018887093657735044,1.6698704081782604e-05,1.0,2.1.0-r13
single_trade,not_applicable,cross,operational_gaussian,lag_seconds,80.0,0.01896228139368261,9.508772983072623e-06,1.0,2.1.0-r13
single_trade,not_applicable,cross,operational_gaussian,lag_seconds,120.0,0.017193215989197708,5.632492085534197e-06,1.0,2.1.0-r13
single_trade,not_applicable,cross,operational_gaussian,lag_seconds,160.0,0.015646714016481295,3.816050632216851e-06,1.0,2.1.0-r13
single_trade,not_applicable,cross,operational_gaussian,lag_seconds,200.0,0.01453948378981848,3.127796802770324e-06,1.0,2.1.0-r13
single_trade,not_applicable,cross,poisson_previous_refresh,lag_seconds,0.0,0.0,0.0,0.0,2.1.0-r13
single_trade,not_applicable,cross,poisson_previous_refresh,lag_seconds,0.5,0.0,0.0,0.0,2.1.0-r13
single_trade,not_applicable,cross,poisson_previous_refresh,lag_seconds,1.0,0.000114519432467874,7.497056683248802e-05,0.125,2.1.0-r13
single_trade,not_applicable,cross,poisson_previous_refresh,lag_seconds,2.0,0.0006443423947384657,0.00014064696198488142,0.375,2.1.0-r13
single_trade,not_applicable,cross,poisson_previous_refresh,lag_seconds,5.0,0.002291976465436136,0.0003191277820872056,0.5,2.1.0-r13
single_trade,not_applicable,cross,poisson_previous_refresh,lag_seconds,10.0,0.005614239935968492,0.0005975965103924463,0.875,2.1.0-r13
single_trade,not_applicable,cross,poisson_previous_refresh,lag_seconds,20.0,0.011111819904529658,0.0011627877998796725,1.0,2.1.0-r13
single_trade,not_applicable,cross,poisson_previous_refresh,lag_seconds,40.0,0.018087429849082244,0.000155116632011797,1.0,2.1.0-r13
single_trade,not_applicable,cross,poisson_previous_refresh,lag_seconds,80.0,0.019176364324548743,4.537370993773835e-05,1.0,2.1.0-r13
single_trade,not_applicable,cross,poisson_previous_refresh,lag_seconds,120.0,0.01753468514014627,7.659933822719093e-05,1.0,2.1.0-r13
single_trade,not_applicable,cross,poisson_previous_refresh,lag_seconds,160.0,0.016136749252891235,0.00015587815646625196,1.0,2.1.0-r13
single_trade,not_applicable,cross,poisson_previous_refresh,lag_seconds,200.0,0.014928430599179678,4.6748227076521723e-05,1.0,2.1.0-r13
single_trade,not_applicable,cross,mittag_leffler_previous_refresh,lag_seconds,0.0,0.0,0.0,0.0,2.1.0-r13
single_trade,not_applicable,cross,mittag_leffler_previous_refresh,lag_seconds,0.5,0.0,0.0,0.0,2.1.0-r13
single_trade,not_applicable,cross,mittag_leffler_previous_refresh,lag_seconds,1.0,0.0,0.0,0.0,2.1.0-r13
single_trade,not_applicable,cross,mittag_leffler_previous_refresh,lag_seconds,2.0,0.0001056261245804286,0.00010562612458042858,0.0625,2.1.0-r13
single_trade,not_applicable,cross,mittag_leffler_previous_refresh,lag_seconds,5.0,0.00048084271735607145,0.00037499433113238466,0.125,2.1.0-r13
single_trade,not_applicable,cross,mittag_leffler_previous_refresh,lag_seconds,10.0,0.001143245300194105,0.0006642864542771289,0.1875,2.1.0-r13
single_trade,not_applicable,cross,mittag_leffler_previous_refresh,lag_seconds,20.0,0.002600650764635434,0.0011984686935948047,0.25,2.1.0-r13
single_trade,not_applicable,cross,mittag_leffler_previous_refresh,lag_seconds,40.0,0.007457446861568857,0.0020936766880995735,0.5,2.1.0-r13
single_trade,not_applicable,cross,mittag_leffler_previous_refresh,lag_seconds,80.0,0.0112630443752855,0.002740497053569435,0.6875,2.1.0-r13
single_trade,not_applicable,cross,mittag_leffler_previous_refresh,lag_seconds,120.0,0.013178051170102827,0.002342086607251381,0.75,2.1.0-r13
single_trade,not_applicable,cross,mittag_leffler_previous_refresh,lag_seconds,160.0,0.01359487065025288,0.0022388180464756905,0.8125,2.1.0-r13
single_trade,not_applicable,cross,mittag_leffler_previous_refresh,lag_seconds,200.0,0.012644892282198056,0.0020881667331372066,0.8125,2.1.0-r13
single_trade,not_applicable,cross,tempered_mittag_leffler_previous_refresh,lag_seconds,0.0,0.0,0.0,0.0,2.1.0-r13
single_trade,not_applicable,cross,tempered_mittag_leffler_previous_refresh,lag_seconds,0.5,0.0,0.0,0.0,2.1.0-r13
single_trade,not_applicable,cross,tempered_mittag_leffler_previous_refresh,lag_seconds,1.0,5.7744795510768676e-05,5.774479551076866e-05,0.0625,2.1.0-r13
single_trade,not_applicable,cross,tempered_mittag_leffler_previous_refresh,lag_seconds,2.0,5.7744795510768676e-05,5.774479551076866e-05,0.0625,2.1.0-r13
single_trade,not_applicable,cross,tempered_mittag_leffler_previous_refresh,lag_seconds,5.0,0.00048592326981162506,0.0002752700957239476,0.1875,2.1.0-r13
single_trade,not_applicable,cross,tempered_mittag_leffler_previous_refresh,lag_seconds,10.0,0.0036803603319306402,0.0009951238939554553,0.5,2.1.0-r13
single_trade,not_applicable,cross,tempered_mittag_leffler_previous_refresh,lag_seconds,20.0,0.009768964593770269,0.0015272857499168194,0.8125,2.1.0-r13
single_trade,not_applicable,cross,tempered_mittag_leffler_previous_refresh,lag_seconds,40.0,0.01469320079014096,0.0010612415177654118,0.9375,2.1.0-r13
single_trade,not_applicable,cross,tempered_mittag_leffler_previous_refresh,lag_seconds,80.0,0.01745361721138568,0.0012532265009241855,0.9375,2.1.0-r13
single_trade,not_applicable,cross,tempered_mittag_leffler_previous_refresh,lag_seconds,120.0,0.017150038556978286,0.0005033861398934394,1.0,2.1.0-r13
single_trade,not_applicable,cross,tempered_mittag_leffler_previous_refresh,lag_seconds,160.0,0.015906008520430476,0.00043092115068060695,1.0,2.1.0-r13
single_trade,not_applicable,cross,tempered_mittag_leffler_previous_refresh,lag_seconds,200.0,0.015364079857537823,0.00022002104665055211,1.0,2.1.0-r13
meta_order_trajectory,fast,own,operational_gaussian,cumulative_quantity,0.05,0.14129133450634584,0.0016146135256408511,see_archive,2.1.0-r13
meta_order_trajectory,fast,own,operational_gaussian,cumulative_quantity,0.1,0.1994794834768346,1.2894814340115566e-06,see_archive,2.1.0-r13
meta_order_trajectory,fast,own,operational_gaussian,cumulative_quantity,0.15000000000000002,0.2985967624513385,1.716976544251577e-05,see_archive,2.1.0-r13
meta_order_trajectory,fast,own,operational_gaussian,cumulative_quantity,0.2,0.34145340355460185,0.00034283790198487364,see_archive,2.1.0-r13
meta_order_relaxation,fast,own,operational_gaussian,post_completion_lag_seconds,0.0,0.34145340355460185,0.00034283790198487364,see_archive,2.1.0-r13
meta_order_relaxation,fast,own,operational_gaussian,post_completion_lag_seconds,5.0,0.231464521829899,0.00011681897513984899,see_archive,2.1.0-r13
meta_order_relaxation,fast,own,operational_gaussian,post_completion_lag_seconds,10.0,0.1843324059105158,3.040753000981192e-05,see_archive,2.1.0-r13
meta_order_relaxation,fast,own,operational_gaussian,post_completion_lag_seconds,20.0,0.13237220986191386,1.5337867042224143e-05,see_archive,2.1.0-r13
meta_order_relaxation,fast,own,operational_gaussian,post_completion_lag_seconds,40.0,0.08741496333869778,2.1244127238444146e-07,see_archive,2.1.0-r13
meta_order_relaxation,fast,own,operational_gaussian,post_completion_lag_seconds,80.0,0.06002598121788727,2.085828080835568e-07,see_archive,2.1.0-r13
meta_order_relaxation,fast,own,operational_gaussian,post_completion_lag_seconds,120.0,0.053415139551212826,1.0834630278498736e-06,see_archive,2.1.0-r13
meta_order_relaxation,fast,own,operational_gaussian,post_completion_lag_seconds,160.0,0.05127932181050895,1.6209204382050157e-06,see_archive,2.1.0-r13
meta_order_relaxation,fast,own,operational_gaussian,post_completion_lag_seconds,200.0,0.05023736142827622,1.9468022635518085e-06,see_archive,2.1.0-r13
meta_order_trajectory,fast,own,poisson_previous_refresh,cumulative_quantity,0.05,0.0,0.0,see_archive,2.1.0-r13
meta_order_trajectory,fast,own,poisson_previous_refresh,cumulative_quantity,0.1,0.024966661588761957,0.009560821692759089,see_archive,2.1.0-r13
meta_order_trajectory,fast,own,poisson_previous_refresh,cumulative_quantity,0.15000000000000002,0.09108594511967304,0.026978871703547687,see_archive,2.1.0-r13
meta_order_trajectory,fast,own,poisson_previous_refresh,cumulative_quantity,0.2,0.14619090781989674,0.028950043734426858,see_archive,2.1.0-r13
meta_order_relaxation,fast,own,poisson_previous_refresh,post_completion_lag_seconds,0.0,0.14619090781989674,0.028950043734426858,see_archive,2.1.0-r13
meta_order_relaxation,fast,own,poisson_previous_refresh,post_completion_lag_seconds,5.0,0.2356506435679856,0.023699939947101636,see_archive,2.1.0-r13
meta_order_relaxation,fast,own,poisson_previous_refresh,post_completion_lag_seconds,10.0,0.21439746736534582,0.013877872344736818,see_archive,2.1.0-r13
meta_order_relaxation,fast,own,poisson_previous_refresh,post_completion_lag_seconds,20.0,0.18541466016036623,0.0203838486476397,see_archive,2.1.0-r13
meta_order_relaxation,fast,own,poisson_previous_refresh,post_completion_lag_seconds,40.0,0.10415699124724385,0.000810713836103381,see_archive,2.1.0-r13
meta_order_relaxation,fast,own,poisson_previous_refresh,post_completion_lag_seconds,80.0,0.06351028255528679,0.0013376138367477233,see_archive,2.1.0-r13
meta_order_relaxation,fast,own,poisson_previous_refresh,post_completion_lag_seconds,120.0,0.054684063781133344,0.000307653974214819,see_archive,2.1.0-r13
meta_order_relaxation,fast,own,poisson_previous_refresh,post_completion_lag_seconds,160.0,0.05210898971012476,0.00031378812049224765,see_archive,2.1.0-r13
meta_order_relaxation,fast,own,poisson_previous_refresh,post_completion_lag_seconds,200.0,0.050519563445029746,6.24889185029274e-05,see_archive,2.1.0-r13
meta_order_trajectory,fast,own,mittag_leffler_previous_refresh,cumulative_quantity,0.05,0.0,0.0,see_archive,2.1.0-r13
meta_order_trajectory,fast,own,mittag_leffler_previous_refresh,cumulative_quantity,0.1,0.024825824943859306,0.00954916586168707,see_archive,2.1.0-r13
meta_order_trajectory,fast,own,mittag_leffler_previous_refresh,cumulative_quantity,0.15000000000000002,0.07071135095641783,0.019167202012948848,see_archive,2.1.0-r13
meta_order_trajectory,fast,own,mittag_leffler_previous_refresh,cumulative_quantity,0.2,0.12211993659230395,0.019550961358978595,see_archive,2.1.0-r13
meta_order_relaxation,fast,own,mittag_leffler_previous_refresh,post_completion_lag_seconds,0.0,0.12211993659230395,0.019550961358978595,see_archive,2.1.0-r13
meta_order_relaxation,fast,own,mittag_leffler_previous_refresh,post_completion_lag_seconds,5.0,0.17422569180562958,0.02244462196092106,see_archive,2.1.0-r13
meta_order_relaxation,fast,own,mittag_leffler_previous_refresh,post_completion_lag_seconds,10.0,0.18323200626799113,0.022096439000407427,see_archive,2.1.0-r13
meta_order_relaxation,fast,own,mittag_leffler_previous_refresh,post_completion_lag_seconds,20.0,0.15962546628177846,0.02205836197931847,see_archive,2.1.0-r13
meta_order_relaxation,fast,own,mittag_leffler_previous_refresh,post_completion_lag_seconds,40.0,0.10831925199918115,0.014442182644479624,see_archive,2.1.0-r13
meta_order_relaxation,fast,own,mittag_leffler_previous_refresh,post_completion_lag_seconds,80.0,0.09287101561968389,0.014931991808941801,see_archive,2.1.0-r13
meta_order_relaxation,fast,own,mittag_leffler_previous_refresh,post_completion_lag_seconds,120.0,0.055221771475533935,0.004458520060235259,see_archive,2.1.0-r13
meta_order_relaxation,fast,own,mittag_leffler_previous_refresh,post_completion_lag_seconds,160.0,0.05598157551667748,0.006857587058542794,see_archive,2.1.0-r13
meta_order_relaxation,fast,own,mittag_leffler_previous_refresh,post_completion_lag_seconds,200.0,0.05501117986573026,0.0068600810691325335,see_archive,2.1.0-r13
meta_order_trajectory,fast,own,tempered_mittag_leffler_previous_refresh,cumulative_quantity,0.05,0.0,0.0,see_archive,2.1.0-r13
meta_order_trajectory,fast,own,tempered_mittag_leffler_previous_refresh,cumulative_quantity,0.1,0.04409648750046687,0.012187479292127157,see_archive,2.1.0-r13
meta_order_trajectory,fast,own,tempered_mittag_leffler_previous_refresh,cumulative_quantity,0.15000000000000002,0.11420086882066097,0.02270665647043761,see_archive,2.1.0-r13
meta_order_trajectory,fast,own,tempered_mittag_leffler_previous_refresh,cumulative_quantity,0.2,0.15141172099763286,0.03250077737222296,see_archive,2.1.0-r13
meta_order_relaxation,fast,own,tempered_mittag_leffler_previous_refresh,post_completion_lag_seconds,0.0,0.15141172099763286,0.03250077737222296,see_archive,2.1.0-r13
meta_order_relaxation,fast,own,tempered_mittag_leffler_previous_refresh,post_completion_lag_seconds,5.0,0.175739401117661,0.02520810044809781,see_archive,2.1.0-r13
meta_order_relaxation,fast,own,tempered_mittag_leffler_previous_refresh,post_completion_lag_seconds,10.0,0.16690496064059657,0.025949168500727506,see_archive,2.1.0-r13
meta_order_relaxation,fast,own,tempered_mittag_leffler_previous_refresh,post_completion_lag_seconds,20.0,0.13825678721711904,0.013753973327981003,see_archive,2.1.0-r13
meta_order_relaxation,fast,own,tempered_mittag_leffler_previous_refresh,post_completion_lag_seconds,40.0,0.1203643077836494,0.00884833135174702,see_archive,2.1.0-r13
meta_order_relaxation,fast,own,tempered_mittag_leffler_previous_refresh,post_completion_lag_seconds,80.0,0.08479875128083085,0.011944789476037838,see_archive,2.1.0-r13
meta_order_relaxation,fast,own,tempered_mittag_leffler_previous_refresh,post_completion_lag_seconds,120.0,0.07545726468593446,0.012443754538462784,see_archive,2.1.0-r13
meta_order_relaxation,fast,own,tempered_mittag_leffler_previous_refresh,post_completion_lag_seconds,160.0,0.05170160582491368,0.00012619770505032537,see_archive,2.1.0-r13
meta_order_relaxation,fast,own,tempered_mittag_leffler_previous_refresh,post_completion_lag_seconds,200.0,0.05067170436590444,0.00010605965699944473,see_archive,2.1.0-r13
meta_order_trajectory,slow,own,operational_gaussian,cumulative_quantity,0.05,0.14129133450634584,0.0016146135256408511,see_archive,2.1.0-r13
meta_order_trajectory,slow,own,operational_gaussian,cumulative_quantity,0.1,0.19882687422782433,2.830744265029332e-05,see_archive,2.1.0-r13
meta_order_trajectory,slow,own,operational_gaussian,cumulative_quantity,0.15000000000000002,0.19938769319735275,5.299952896993015e-06,see_archive,2.1.0-r13
meta_order_trajectory,slow,own,operational_gaussian,cumulative_quantity,0.2,0.19959909912002255,6.599331116992386e-07,see_archive,2.1.0-r13
meta_order_relaxation,slow,own,operational_gaussian,post_completion_lag_seconds,0.0,0.19959909912002255,6.599331116992386e-07,see_archive,2.1.0-r13
meta_order_relaxation,slow,own,operational_gaussian,post_completion_lag_seconds,5.0,0.1605532568191954,8.749659820041551e-06,see_archive,2.1.0-r13
meta_order_relaxation,slow,own,operational_gaussian,post_completion_lag_seconds,10.0,0.13220220466174692,1.2649932860372196e-05,see_archive,2.1.0-r13
meta_order_relaxation,slow,own,operational_gaussian,post_completion_lag_seconds,20.0,0.10192580984605769,2.64329812086222e-05,see_archive,2.1.0-r13
meta_order_relaxation,slow,own,operational_gaussian,post_completion_lag_seconds,40.0,0.07422262012066988,1.944340977219214e-06,see_archive,2.1.0-r13
meta_order_relaxation,slow,own,operational_gaussian,post_completion_lag_seconds,80.0,0.057091363147447796,1.0845747627411827e-06,see_archive,2.1.0-r13
meta_order_relaxation,slow,own,operational_gaussian,post_completion_lag_seconds,120.0,0.052720924503487684,1.6423224803091767e-07,see_archive,2.1.0-r13
meta_order_relaxation,slow,own,operational_gaussian,post_completion_lag_seconds,160.0,0.05113938336751841,2.4217455922440716e-07,see_archive,2.1.0-r13
meta_order_relaxation,slow,own,operational_gaussian,post_completion_lag_seconds,200.0,0.05025126792282804,6.845928694166307e-08,see_archive,2.1.0-r13
meta_order_trajectory,slow,own,poisson_previous_refresh,cumulative_quantity,0.05,0.0,0.0,see_archive,2.1.0-r13
meta_order_trajectory,slow,own,poisson_previous_refresh,cumulative_quantity,0.1,0.06785779207782433,0.004784674915382001,see_archive,2.1.0-r13
meta_order_trajectory,slow,own,poisson_previous_refresh,cumulative_quantity,0.15000000000000002,0.0738542235078127,0.004017669341589405,see_archive,2.1.0-r13
meta_order_trajectory,slow,own,poisson_previous_refresh,cumulative_quantity,0.2,0.10206829288001029,0.008188169423655104,see_archive,2.1.0-r13
meta_order_relaxation,slow,own,poisson_previous_refresh,post_completion_lag_seconds,0.0,0.10206829288001029,0.008188169423655104,see_archive,2.1.0-r13
meta_order_relaxation,slow,own,poisson_previous_refresh,post_completion_lag_seconds,5.0,0.15854513705379042,0.005854944238902029,see_archive,2.1.0-r13
meta_order_relaxation,slow,own,poisson_previous_refresh,post_completion_lag_seconds,10.0,0.1485978306430945,0.005141060908875111,see_archive,2.1.0-r13
meta_order_relaxation,slow,own,poisson_previous_refresh,post_completion_lag_seconds,20.0,0.12671062776166925,0.005794944485906062,see_archive,2.1.0-r13
meta_order_relaxation,slow,own,poisson_previous_refresh,post_completion_lag_seconds,40.0,0.09109645224416288,0.0070418178983831965,see_archive,2.1.0-r13
meta_order_relaxation,slow,own,poisson_previous_refresh,post_completion_lag_seconds,80.0,0.06016951630027031,0.0006971675449815097,see_archive,2.1.0-r13
meta_order_relaxation,slow,own,poisson_previous_refresh,post_completion_lag_seconds,120.0,0.05462251763629285,0.0009051187010504414,see_archive,2.1.0-r13
meta_order_relaxation,slow,own,poisson_previous_refresh,post_completion_lag_seconds,160.0,0.051596537778538856,0.00011967239438773044,see_archive,2.1.0-r13
meta_order_relaxation,slow,own,poisson_previous_refresh,post_completion_lag_seconds,200.0,0.05029861040359093,8.468757847090357e-06,see_archive,2.1.0-r13
meta_order_trajectory,slow,own,mittag_leffler_previous_refresh,cumulative_quantity,0.05,0.0,0.0,see_archive,2.1.0-r13
meta_order_trajectory,slow,own,mittag_leffler_previous_refresh,cumulative_quantity,0.1,0.038486653301059444,0.005607456787084215,see_archive,2.1.0-r13
meta_order_trajectory,slow,own,mittag_leffler_previous_refresh,cumulative_quantity,0.15000000000000002,0.0679172427022443,0.0076723400954715896,see_archive,2.1.0-r13
meta_order_trajectory,slow,own,mittag_leffler_previous_refresh,cumulative_quantity,0.2,0.0877593894575743,0.010010993882974769,see_archive,2.1.0-r13
meta_order_relaxation,slow,own,mittag_leffler_previous_refresh,post_completion_lag_seconds,0.0,0.0877593894575743,0.010010993882974769,see_archive,2.1.0-r13
meta_order_relaxation,slow,own,mittag_leffler_previous_refresh,post_completion_lag_seconds,5.0,0.10533557795049463,0.01660211104156608,see_archive,2.1.0-r13
meta_order_relaxation,slow,own,mittag_leffler_previous_refresh,post_completion_lag_seconds,10.0,0.11072709735237853,0.0157783873240872,see_archive,2.1.0-r13
meta_order_relaxation,slow,own,mittag_leffler_previous_refresh,post_completion_lag_seconds,20.0,0.09564568301437257,0.013201800969912475,see_archive,2.1.0-r13
meta_order_relaxation,slow,own,mittag_leffler_previous_refresh,post_completion_lag_seconds,40.0,0.07795167266367803,0.011873936900305282,see_archive,2.1.0-r13
meta_order_relaxation,slow,own,mittag_leffler_previous_refresh,post_completion_lag_seconds,80.0,0.06378315787702427,0.009660021855493398,see_archive,2.1.0-r13
meta_order_relaxation,slow,own,mittag_leffler_previous_refresh,post_completion_lag_seconds,120.0,0.061405070611762216,0.009251921633128376,see_archive,2.1.0-r13
meta_order_relaxation,slow,own,mittag_leffler_previous_refresh,post_completion_lag_seconds,160.0,0.05939357626630947,0.009347910986925416,see_archive,2.1.0-r13
meta_order_relaxation,slow,own,mittag_leffler_previous_refresh,post_completion_lag_seconds,200.0,0.05878043418320207,0.009323964062424278,see_archive,2.1.0-r13
meta_order_trajectory,slow,own,tempered_mittag_leffler_previous_refresh,cumulative_quantity,0.05,0.0,0.0,see_archive,2.1.0-r13
meta_order_trajectory,slow,own,tempered_mittag_leffler_previous_refresh,cumulative_quantity,0.1,0.04896142789049127,0.0062906299644034,see_archive,2.1.0-r13
meta_order_trajectory,slow,own,tempered_mittag_leffler_previous_refresh,cumulative_quantity,0.15000000000000002,0.0844647995977855,0.008506054330339439,see_archive,2.1.0-r13
meta_order_trajectory,slow,own,tempered_mittag_leffler_previous_refresh,cumulative_quantity,0.2,0.10273801792005041,0.00936129374088517,see_archive,2.1.0-r13
meta_order_relaxation,slow,own,tempered_mittag_leffler_previous_refresh,post_completion_lag_seconds,0.0,0.10273801792005041,0.00936129374088517,see_archive,2.1.0-r13
meta_order_relaxation,slow,own,tempered_mittag_leffler_previous_refresh,post_completion_lag_seconds,5.0,0.14554274366658607,0.014053308680001417,see_archive,2.1.0-r13
meta_order_relaxation,slow,own,tempered_mittag_leffler_previous_refresh,post_completion_lag_seconds,10.0,0.14385946826985196,0.013611850498983488,see_archive,2.1.0-r13
meta_order_relaxation,slow,own,tempered_mittag_leffler_previous_refresh,post_completion_lag_seconds,20.0,0.1323881398813747,0.006791354262743064,see_archive,2.1.0-r13
meta_order_relaxation,slow,own,tempered_mittag_leffler_previous_refresh,post_completion_lag_seconds,40.0,0.09790723164483202,0.008310669810106298,see_archive,2.1.0-r13
meta_order_relaxation,slow,own,tempered_mittag_leffler_previous_refresh,post_completion_lag_seconds,80.0,0.07164855309704261,0.0051500458517339314,see_archive,2.1.0-r13
meta_order_relaxation,slow,own,tempered_mittag_leffler_previous_refresh,post_completion_lag_seconds,120.0,0.05337322799196926,8.906550632679613e-05,see_archive,2.1.0-r13
meta_order_relaxation,slow,own,tempered_mittag_leffler_previous_refresh,post_completion_lag_seconds,160.0,0.051879061244590116,0.00019226216654761035,see_archive,2.1.0-r13
meta_order_relaxation,slow,own,tempered_mittag_leffler_previous_refresh,post_completion_lag_seconds,200.0,0.05073558781575081,0.00022202758177633774,see_archive,2.1.0-r13
meta_order_trajectory,fast,cross,operational_gaussian,cumulative_quantity,0.05,0.0,0.0,see_archive,2.1.0-r13
meta_order_trajectory,fast,cross,operational_gaussian,cumulative_quantity,0.1,0.006466888634904316,1.6773947979047387e-05,see_archive,2.1.0-r13
meta_order_trajectory,fast,cross,operational_gaussian,cumulative_quantity,0.15000000000000002,0.01691868646497341,1.679323209291509e-05,see_archive,2.1.0-r13
meta_order_trajectory,fast,cross,operational_gaussian,cumulative_quantity,0.2,0.030545246803578764,5.762833295025863e-06,see_archive,2.1.0-r13
meta_order_relaxation,fast,cross,operational_gaussian,post_completion_lag_seconds,0.0,0.030545246803578764,5.762833295025863e-06,see_archive,2.1.0-r13
meta_order_relaxation,fast,cross,operational_gaussian,post_completion_lag_seconds,5.0,0.045767101338204996,2.0373373290231225e-05,see_archive,2.1.0-r13
meta_order_relaxation,fast,cross,operational_gaussian,post_completion_lag_seconds,10.0,0.05563934571822634,2.082993615633164e-05,see_archive,2.1.0-r13
meta_order_relaxation,fast,cross,operational_gaussian,post_completion_lag_seconds,20.0,0.06744532129920919,2.149485853007007e-05,see_archive,2.1.0-r13
meta_order_relaxation,fast,cross,operational_gaussian,post_completion_lag_seconds,40.0,0.07599376756155943,1.4825462894320068e-05,see_archive,2.1.0-r13
meta_order_relaxation,fast,cross,operational_gaussian,post_completion_lag_seconds,80.0,0.07340057114930933,8.938329833191744e-06,see_archive,2.1.0-r13
meta_order_relaxation,fast,cross,operational_gaussian,post_completion_lag_seconds,120.0,0.06646757085229626,5.750355861944717e-06,see_archive,2.1.0-r13
meta_order_relaxation,fast,cross,operational_gaussian,post_completion_lag_seconds,160.0,0.06080845896821685,3.984948497022798e-06,see_archive,2.1.0-r13
meta_order_relaxation,fast,cross,operational_gaussian,post_completion_lag_seconds,200.0,0.05681609151662011,3.122983111560955e-06,see_archive,2.1.0-r13
meta_order_trajectory,fast,cross,poisson_previous_refresh,cumulative_quantity,0.05,0.0,0.0,see_archive,2.1.0-r13
meta_order_trajectory,fast,cross,poisson_previous_refresh,cumulative_quantity,0.1,0.0009707276975425864,0.00042040308016585005,see_archive,2.1.0-r13
meta_order_trajectory,fast,cross,poisson_previous_refresh,cumulative_quantity,0.15000000000000002,0.005213377854910359,0.0016188575835354615,see_archive,2.1.0-r13
meta_order_trajectory,fast,cross,poisson_previous_refresh,cumulative_quantity,0.2,0.00989246552422628,0.0015770111205200253,see_archive,2.1.0-r13
meta_order_relaxation,fast,cross,poisson_previous_refresh,post_completion_lag_seconds,0.0,0.00989246552422628,0.0015770111205200253,see_archive,2.1.0-r13
meta_order_relaxation,fast,cross,poisson_previous_refresh,post_completion_lag_seconds,5.0,0.01941694929643478,0.0030907867018339107,see_archive,2.1.0-r13
meta_order_relaxation,fast,cross,poisson_previous_refresh,post_completion_lag_seconds,10.0,0.030888454506213314,0.005373153744194674,see_archive,2.1.0-r13
meta_order_relaxation,fast,cross,poisson_previous_refresh,post_completion_lag_seconds,20.0,0.045566303387721135,0.0038272621940974453,see_archive,2.1.0-r13
meta_order_relaxation,fast,cross,poisson_previous_refresh,post_completion_lag_seconds,40.0,0.07333481701351727,0.0001565555906279613,see_archive,2.1.0-r13
meta_order_relaxation,fast,cross,poisson_previous_refresh,post_completion_lag_seconds,80.0,0.07450696421107258,0.0003116853437197727,see_archive,2.1.0-r13
meta_order_relaxation,fast,cross,poisson_previous_refresh,post_completion_lag_seconds,120.0,0.06845415291563639,0.00043544150478459494,see_archive,2.1.0-r13
meta_order_relaxation,fast,cross,poisson_previous_refresh,post_completion_lag_seconds,160.0,0.06299618123854658,0.0006773844645395355,see_archive,2.1.0-r13
meta_order_relaxation,fast,cross,poisson_previous_refresh,post_completion_lag_seconds,200.0,0.05791959762826024,0.00023895440923119368,see_archive,2.1.0-r13
meta_order_trajectory,fast,cross,mittag_leffler_previous_refresh,cumulative_quantity,0.05,0.0,0.0,see_archive,2.1.0-r13
meta_order_trajectory,fast,cross,mittag_leffler_previous_refresh,cumulative_quantity,0.1,0.0010146363697814077,0.00045076276182969964,see_archive,2.1.0-r13
meta_order_trajectory,fast,cross,mittag_leffler_previous_refresh,cumulative_quantity,0.15000000000000002,0.0060463732396949955,0.0018284698784714424,see_archive,2.1.0-r13
meta_order_trajectory,fast,cross,mittag_leffler_previous_refresh,cumulative_quantity,0.2,0.013389625417830264,0.0029526004463025926,see_archive,2.1.0-r13
meta_order_relaxation,fast,cross,mittag_leffler_previous_refresh,post_completion_lag_seconds,0.0,0.013389625417830264,0.0029526004463025926,see_archive,2.1.0-r13
meta_order_relaxation,fast,cross,mittag_leffler_previous_refresh,post_completion_lag_seconds,5.0,0.0249033732608497,0.004283701993439055,see_archive,2.1.0-r13
meta_order_relaxation,fast,cross,mittag_leffler_previous_refresh,post_completion_lag_seconds,10.0,0.03178493847653278,0.0039595389008895195,see_archive,2.1.0-r13
meta_order_relaxation,fast,cross,mittag_leffler_previous_refresh,post_completion_lag_seconds,20.0,0.03658884876431244,0.004249204472241857,see_archive,2.1.0-r13
meta_order_relaxation,fast,cross,mittag_leffler_previous_refresh,post_completion_lag_seconds,40.0,0.05297650302999178,0.006126578332893976,see_archive,2.1.0-r13
meta_order_relaxation,fast,cross,mittag_leffler_previous_refresh,post_completion_lag_seconds,80.0,0.053457628747818814,0.006045540614645421,see_archive,2.1.0-r13
meta_order_relaxation,fast,cross,mittag_leffler_previous_refresh,post_completion_lag_seconds,120.0,0.06076684164386612,0.005936621513048993,see_archive,2.1.0-r13
meta_order_relaxation,fast,cross,mittag_leffler_previous_refresh,post_completion_lag_seconds,160.0,0.060092320779702606,0.004207143911436618,see_archive,2.1.0-r13
meta_order_relaxation,fast,cross,mittag_leffler_previous_refresh,post_completion_lag_seconds,200.0,0.05701667319020918,0.0038409938830626946,see_archive,2.1.0-r13
meta_order_trajectory,fast,cross,tempered_mittag_leffler_previous_refresh,cumulative_quantity,0.05,0.0,0.0,see_archive,2.1.0-r13
meta_order_trajectory,fast,cross,tempered_mittag_leffler_previous_refresh,cumulative_quantity,0.1,0.0016645329543129982,0.0004267406859706723,see_archive,2.1.0-r13
meta_order_trajectory,fast,cross,tempered_mittag_leffler_previous_refresh,cumulative_quantity,0.15000000000000002,0.00793359811081423,0.0020120568774063766,see_archive,2.1.0-r13
meta_order_trajectory,fast,cross,tempered_mittag_leffler_previous_refresh,cumulative_quantity,0.2,0.011882639922748286,0.002690126104453253,see_archive,2.1.0-r13
meta_order_relaxation,fast,cross,tempered_mittag_leffler_previous_refresh,post_completion_lag_seconds,0.0,0.011882639922748286,0.002690126104453253,see_archive,2.1.0-r13
meta_order_relaxation,fast,cross,tempered_mittag_leffler_previous_refresh,post_completion_lag_seconds,5.0,0.01939065332168651,0.0034107465271813395,see_archive,2.1.0-r13
meta_order_relaxation,fast,cross,tempered_mittag_leffler_previous_refresh,post_completion_lag_seconds,10.0,0.02800311815651701,0.005690606430080199,see_archive,2.1.0-r13
meta_order_relaxation,fast,cross,tempered_mittag_leffler_previous_refresh,post_completion_lag_seconds,20.0,0.04525687110584315,0.006267154136042731,see_archive,2.1.0-r13
meta_order_relaxation,fast,cross,tempered_mittag_leffler_previous_refresh,post_completion_lag_seconds,40.0,0.06109233444678751,0.006448036279748414,see_archive,2.1.0-r13
meta_order_relaxation,fast,cross,tempered_mittag_leffler_previous_refresh,post_completion_lag_seconds,80.0,0.06944716084894009,0.004208938397018874,see_archive,2.1.0-r13
meta_order_relaxation,fast,cross,tempered_mittag_leffler_previous_refresh,post_completion_lag_seconds,120.0,0.06459016199544723,0.004042679985617498,see_archive,2.1.0-r13
meta_order_relaxation,fast,cross,tempered_mittag_leffler_previous_refresh,post_completion_lag_seconds,160.0,0.06211701654847536,0.0003479364606290109,see_archive,2.1.0-r13
meta_order_relaxation,fast,cross,tempered_mittag_leffler_previous_refresh,post_completion_lag_seconds,200.0,0.05849468256184091,0.00040082636260638444,see_archive,2.1.0-r13
meta_order_trajectory,slow,cross,operational_gaussian,cumulative_quantity,0.05,0.0,0.0,see_archive,2.1.0-r13
meta_order_trajectory,slow,cross,operational_gaussian,cumulative_quantity,0.1,0.015105368549595362,1.653838633420035e-05,see_archive,2.1.0-r13
meta_order_trajectory,slow,cross,operational_gaussian,cumulative_quantity,0.15000000000000002,0.03425863737284818,1.4081095986143366e-05,see_archive,2.1.0-r13
meta_order_trajectory,slow,cross,operational_gaussian,cumulative_quantity,0.2,0.05406404829988509,5.676273297755813e-06,see_archive,2.1.0-r13
meta_order_relaxation,slow,cross,operational_gaussian,post_completion_lag_seconds,0.0,0.05406404829988509,5.676273297755813e-06,see_archive,2.1.0-r13
meta_order_relaxation,slow,cross,operational_gaussian,post_completion_lag_seconds,5.0,0.062274067437777796,5.438433005537726e-06,see_archive,2.1.0-r13
meta_order_relaxation,slow,cross,operational_gaussian,post_completion_lag_seconds,10.0,0.06737547593295086,4.339119939010417e-06,see_archive,2.1.0-r13
meta_order_relaxation,slow,cross,operational_gaussian,post_completion_lag_seconds,20.0,0.0730829974585761,3.7994460305590997e-06,see_archive,2.1.0-r13
meta_order_relaxation,slow,cross,operational_gaussian,post_completion_lag_seconds,40.0,0.07587545499906158,3.5591104073002746e-06,see_archive,2.1.0-r13
meta_order_relaxation,slow,cross,operational_gaussian,post_completion_lag_seconds,80.0,0.0708087065012537,1.3403562109012872e-06,see_archive,2.1.0-r13
meta_order_relaxation,slow,cross,operational_gaussian,post_completion_lag_seconds,120.0,0.06431340869311974,7.509705298658872e-07,see_archive,2.1.0-r13
meta_order_relaxation,slow,cross,operational_gaussian,post_completion_lag_seconds,160.0,0.059370721258999656,3.8200722965160495e-07,see_archive,2.1.0-r13
meta_order_relaxation,slow,cross,operational_gaussian,post_completion_lag_seconds,200.0,0.05592786906704168,1.890565978096442e-07,see_archive,2.1.0-r13
meta_order_trajectory,slow,cross,poisson_previous_refresh,cumulative_quantity,0.05,0.0,0.0,see_archive,2.1.0-r13
meta_order_trajectory,slow,cross,poisson_previous_refresh,cumulative_quantity,0.1,0.009594567396677458,0.0009004343026860459,see_archive,2.1.0-r13
meta_order_trajectory,slow,cross,poisson_previous_refresh,cumulative_quantity,0.15000000000000002,0.026544548049715892,0.0028187837302616615,see_archive,2.1.0-r13
meta_order_trajectory,slow,cross,poisson_previous_refresh,cumulative_quantity,0.2,0.047948641735417796,0.0019664473352774647,see_archive,2.1.0-r13
meta_order_relaxation,slow,cross,poisson_previous_refresh,post_completion_lag_seconds,0.0,0.047948641735417796,0.0019664473352774647,see_archive,2.1.0-r13
meta_order_relaxation,slow,cross,poisson_previous_refresh,post_completion_lag_seconds,5.0,0.05512391339060732,0.0012104325926468131,see_archive,2.1.0-r13
meta_order_relaxation,slow,cross,poisson_previous_refresh,post_completion_lag_seconds,10.0,0.05910739210254215,0.0013286257246023908,see_archive,2.1.0-r13
meta_order_relaxation,slow,cross,poisson_previous_refresh,post_completion_lag_seconds,20.0,0.06873467478391629,0.0009762021614398749,see_archive,2.1.0-r13
meta_order_relaxation,slow,cross,poisson_previous_refresh,post_completion_lag_seconds,40.0,0.07395517765319083,0.0011109490217379018,see_archive,2.1.0-r13
meta_order_relaxation,slow,cross,poisson_previous_refresh,post_completion_lag_seconds,80.0,0.07268544884627991,0.000342812481797081,see_archive,2.1.0-r13
meta_order_relaxation,slow,cross,poisson_previous_refresh,post_completion_lag_seconds,120.0,0.06682213832073078,0.0009309818676990447,see_archive,2.1.0-r13
meta_order_relaxation,slow,cross,poisson_previous_refresh,post_completion_lag_seconds,160.0,0.060885058986567764,0.00036451618937388724,see_archive,2.1.0-r13
meta_order_relaxation,slow,cross,poisson_previous_refresh,post_completion_lag_seconds,200.0,0.056108859574205375,3.2775997289899673e-05,see_archive,2.1.0-r13
meta_order_trajectory,slow,cross,mittag_leffler_previous_refresh,cumulative_quantity,0.05,0.0,0.0,see_archive,2.1.0-r13
meta_order_trajectory,slow,cross,mittag_leffler_previous_refresh,cumulative_quantity,0.1,0.009645602607816647,0.0013294597142829323,see_archive,2.1.0-r13
meta_order_trajectory,slow,cross,mittag_leffler_previous_refresh,cumulative_quantity,0.15000000000000002,0.02037024719115495,0.0025496299928912504,see_archive,2.1.0-r13
meta_order_trajectory,slow,cross,mittag_leffler_previous_refresh,cumulative_quantity,0.2,0.031248982957711193,0.004772142712560509,see_archive,2.1.0-r13
meta_order_relaxation,slow,cross,mittag_leffler_previous_refresh,post_completion_lag_seconds,0.0,0.031248982957711193,0.004772142712560509,see_archive,2.1.0-r13
meta_order_relaxation,slow,cross,mittag_leffler_previous_refresh,post_completion_lag_seconds,5.0,0.03242916980901518,0.005201847899328355,see_archive,2.1.0-r13
meta_order_relaxation,slow,cross,mittag_leffler_previous_refresh,post_completion_lag_seconds,10.0,0.035689116729191374,0.004795288888372983,see_archive,2.1.0-r13
meta_order_relaxation,slow,cross,mittag_leffler_previous_refresh,post_completion_lag_seconds,20.0,0.04110899923282951,0.005516546224078979,see_archive,2.1.0-r13
meta_order_relaxation,slow,cross,mittag_leffler_previous_refresh,post_completion_lag_seconds,40.0,0.056552534625315454,0.007771986210199382,see_archive,2.1.0-r13
meta_order_relaxation,slow,cross,mittag_leffler_previous_refresh,post_completion_lag_seconds,80.0,0.06030964676166918,0.007926752560407521,see_archive,2.1.0-r13
meta_order_relaxation,slow,cross,mittag_leffler_previous_refresh,post_completion_lag_seconds,120.0,0.060418837272732825,0.004602516592289318,see_archive,2.1.0-r13
meta_order_relaxation,slow,cross,mittag_leffler_previous_refresh,post_completion_lag_seconds,160.0,0.05659768730489249,0.003974193932058772,see_archive,2.1.0-r13
meta_order_relaxation,slow,cross,mittag_leffler_previous_refresh,post_completion_lag_seconds,200.0,0.054565714924176154,0.0037052774996051245,see_archive,2.1.0-r13
meta_order_trajectory,slow,cross,tempered_mittag_leffler_previous_refresh,cumulative_quantity,0.05,0.0,0.0,see_archive,2.1.0-r13
meta_order_trajectory,slow,cross,tempered_mittag_leffler_previous_refresh,cumulative_quantity,0.1,0.00888279676741751,0.0012625589000154218,see_archive,2.1.0-r13
meta_order_trajectory,slow,cross,tempered_mittag_leffler_previous_refresh,cumulative_quantity,0.15000000000000002,0.023232486714453337,0.002697205516154957,see_archive,2.1.0-r13
meta_order_trajectory,slow,cross,tempered_mittag_leffler_previous_refresh,cumulative_quantity,0.2,0.038936662325845216,0.0051351292640531235,see_archive,2.1.0-r13
meta_order_relaxation,slow,cross,tempered_mittag_leffler_previous_refresh,post_completion_lag_seconds,0.0,0.038936662325845216,0.0051351292640531235,see_archive,2.1.0-r13
meta_order_relaxation,slow,cross,tempered_mittag_leffler_previous_refresh,post_completion_lag_seconds,5.0,0.04571223610475675,0.006104533957639072,see_archive,2.1.0-r13
meta_order_relaxation,slow,cross,tempered_mittag_leffler_previous_refresh,post_completion_lag_seconds,10.0,0.045982760476638324,0.006199510933635817,see_archive,2.1.0-r13
meta_order_relaxation,slow,cross,tempered_mittag_leffler_previous_refresh,post_completion_lag_seconds,20.0,0.0577021441083868,0.004066513005246866,see_archive,2.1.0-r13
meta_order_relaxation,slow,cross,tempered_mittag_leffler_previous_refresh,post_completion_lag_seconds,40.0,0.06583138334541516,0.005288302698032705,see_archive,2.1.0-r13
meta_order_relaxation,slow,cross,tempered_mittag_leffler_previous_refresh,post_completion_lag_seconds,80.0,0.06572939497470455,0.004893492375899967,see_archive,2.1.0-r13
meta_order_relaxation,slow,cross,tempered_mittag_leffler_previous_refresh,post_completion_lag_seconds,120.0,0.06572154400536134,0.00016997976222710113,see_archive,2.1.0-r13
meta_order_relaxation,slow,cross,tempered_mittag_leffler_previous_refresh,post_completion_lag_seconds,160.0,0.061702383418260336,0.0005646835061307582,see_archive,2.1.0-r13
meta_order_relaxation,slow,cross,tempered_mittag_leffler_previous_refresh,post_completion_lag_seconds,200.0,0.057600789338627445,0.000723822374920667,see_archive,2.1.0-r13
