snapshot_index,operational_step,operational_time_model_units,time_seconds,grid_index,log_price_coordinate,book_1_density,book_2_density,book_1_boundary_log_price,book_2_boundary_log_price,initial_book_displacement,clock,software_version
0,0,0.0,0.0,0,-10.0,0.0,0.0,0.059950062828225785,-0.05995006282818417,0.06,identity,1.7.7
0,0,0.0,0.0,1,-9.9,0.011208221630990063,0.04483124125753975,0.059950062828225785,-0.05995006282818417,0.06,identity,1.7.7
0,0,0.0,0.0,2,-9.8,0.03922758193943114,0.07284915014906741,0.059950062828225785,-0.05995006282818417,0.06,identity,1.7.7
0,0,0.0,0.0,3,-9.7,0.06724576815109543,0.10086558876955587,0.059950062828225785,-0.05995006282818417,0.06,identity,1.7.7
0,0,0.0,0.0,4,-9.6,0.09526253998879738,0.12888026082790327,0.059950062828225785,-0.05995006282818417,0.06,identity,1.7.7
0,0,0.0,0.0,5,-9.5,0.12327761158986703,0.15689281479447018,0.059950062828225785,-0.05995006282818417,0.06,identity,1.7.7
0,0,0.0,0.0,6,-9.4,0.15129064362241215,0.18490283454296527,0.059950062828225785,-0.05995006282818417,0.06,identity,1.7.7
0,0,0.0,0.0,7,-9.3,0.1793012341923587,0.21290982859382176,0.059950062828225785,-0.05995006282818417,0.06,identity,1.7.7
0,0,0.0,0.0,8,-9.2,0.2073089083851474,0.24091321778510746,0.059950062828225785,-0.05995006282818417,0.06,identity,1.7.7
0,0,0.0,0.0,9,-9.1,0.23531310627111035,0.26891232118160435,0.059950062828225785,-0.05995006282818417,0.06,identity,1.7.7
0,0,0.0,0.0,10,-9.0,0.26331316918820685,0.2969063400170276,0.059950062828225785,-0.05995006282818417,0.06,identity,1.7.7
0,0,0.0,0.0,11,-8.9,0.29130832410015195,0.32489433944863144,0.059950062828225785,-0.05995006282818417,0.06,identity,1.7.7
0,0,0.0,0.0,12,-8.8,0.3192976658122259,0.3528752278879396,0.059950062828225785,-0.05995006282818417,0.06,identity,1.7.7
0,0,0.0,0.0,13,-8.7,0.3472801368114584,0.38084773365637137,0.059950062828225785,-0.05995006282818417,0.06,identity,1.7.7
0,0,0.0,0.0,14,-8.6,0.3752545044827613,0.4088103787004479,0.059950062828225785,-0.05995006282818417,0.06,identity,1.7.7
0,0,0.0,0.0,15,-8.5,0.403219335438269,0.4367614490885156,0.059950062828225785,-0.05995006282818417,0.06,identity,1.7.7
0,0,0.0,0.0,16,-8.4,0.4311729666840737,0.4646989619999572,0.059950062828225785,-0.05995006282818417,0.06,identity,1.7.7
0,0,0.0,0.0,17,-8.3,0.4591134733371631,0.4926206289092331,0.059950062828225785,-0.05995006282818417,0.06,identity,1.7.7
0,0,0.0,0.0,18,-8.2,0.4870386325962053,0.5205238146613929,0.059950062828225785,-0.05995006282818417,0.06,identity,1.7.7
0,0,0.0,0.0,19,-8.1,0.514945883663471,0.548405492133551,0.059950062828225785,-0.05995006282818417,0.06,identity,1.7.7
0,0,0.0,0.0,20,-8.0,0.5428322833122574,0.5762621921789406,0.059950062828225785,-0.05995006282818417,0.06,identity,1.7.7
0,0,0.0,0.0,21,-7.9,0.5706944567953686,0.6040899485572638,0.059950062828225785,-0.05995006282818417,0.06,identity,1.7.7
0,0,0.0,0.0,22,-7.8,0.5985285437962502,0.6318842375679319,0.059950062828225785,-0.05995006282818417,0.06,identity,1.7.7
0,0,0.0,0.0,23,-7.699999999999999,0.6263301391360204,0.6596399121222182,0.059950062828225785,-0.05995006282818417,0.06,identity,1.7.7
0,0,0.0,0.0,24,-7.6,0.6540942279676971,0.6873511300171442,0.059950062828225785,-0.05995006282818417,0.06,identity,1.7.7
0,0,0.0,0.0,25,-7.5,0.6818151152141768,0.7150112762088848,0.059950062828225785,-0.05995006282818417,0.06,identity,1.7.7
0,0,0.0,0.0,26,-7.4,0.7094863490398051,0.7426128789273962,0.059950062828225785,-0.05995006282818417,0.06,identity,1.7.7
0,0,0.0,0.0,27,-7.3,0.7371006381874593,0.7701475195275728,0.059950062828225785,-0.05995006282818417,0.06,identity,1.7.7
0,0,0.0,0.0,28,-7.199999999999999,0.7646497630646966,0.7976057360362171,0.059950062828225785,-0.05995006282818417,0.06,identity,1.7.7
0,0,0.0,0.0,29,-7.1,0.7921244805244134,0.8249769204290207,0.059950062828225785,-0.05995006282818417,0.06,identity,1.7.7
0,0,0.0,0.0,30,-7.0,0.8195144223581823,0.8522492097580885,0.059950062828225785,-0.05995006282818417,0.06,identity,1.7.7
0,0,0.0,0.0,31,-6.9,0.8468079876045133,0.8794093713486083,0.059950062828225785,-0.05995006282818417,0.06,identity,1.7.7
0,0,0.0,0.0,32,-6.8,0.8739922288700522,0.9064426823932025,0.059950062828225785,-0.05995006282818417,0.06,identity,1.7.7
0,0,0.0,0.0,33,-6.699999999999999,0.9010527329693646,0.933332804394258,0.059950062828225785,-0.05995006282818417,0.06,identity,1.7.7
0,0,0.0,0.0,34,-6.6,0.9279734963084454,0.9600616530377875,0.059950062828225785,-0.05995006282818417,0.06,identity,1.7.7
0,0,0.0,0.0,35,-6.5,0.9547367955681897,0.9866092642265726,0.059950062828225785,-0.05995006282818417,0.06,identity,1.7.7
0,0,0.0,0.0,36,-6.4,0.9813230543862261,1.0129536571546163,0.059950062828225785,-0.05995006282818417,0.06,identity,1.7.7
0,0,0.0,0.0,37,-6.3,1.007710706887976,1.0390706954680864,0.059950062828225785,-0.05995006282818417,0.06,identity,1.7.7
0,0,0.0,0.0,38,-6.199999999999999,1.0338760590794076,1.0649339477284696,0.059950062828225785,-0.05995006282818417,0.06,identity,1.7.7
0,0,0.0,0.0,39,-6.1,1.0597931492832766,1.09051454856966,0.059950062828225785,-0.05995006282818417,0.06,identity,1.7.7
0,0,0.0,0.0,40,-6.0,1.0854336089758554,1.115781062119965,0.059950062828225785,-0.05995006282818417,0.06,identity,1.7.7
0,0,0.0,0.0,41,-5.8999999999999995,1.1107665255600718,1.1406993494398976,0.059950062828225785,-0.05995006282818417,0.06,identity,1.7.7
0,0,0.0,0.0,42,-5.8,1.1357583087911034,1.165232441904136,0.059950062828225785,-0.05995006282818417,0.06,identity,1.7.7
0,0,0.0,0.0,43,-5.7,1.160372562748822,1.1893404226279225,0.059950062828225785,-0.05995006282818417,0.06,identity,1.7.7
0,0,0.0,0.0,44,-5.6,1.1845699654248871,1.2129803182006873,0.059950062828225785,-0.05995006282818417,0.06,identity,1.7.7
0,0,0.0,0.0,45,-5.5,1.2083081581570791,1.2361060031389997,0.059950062828225785,-0.05995006282818417,0.06,identity,1.7.7
0,0,0.0,0.0,46,-5.3999999999999995,1.2315416472958198,1.258668119602823,0.059950062828225785,-0.05995006282818417,0.06,identity,1.7.7
0,0,0.0,0.0,47,-5.3,1.2542217206235855,1.2806140150291712,0.059950062828225785,-0.05995006282818417,0.06,identity,1.7.7
0,0,0.0,0.0,48,-5.199999999999999,1.2762963811627768,1.301887700421151,0.059950062828225785,-0.05995006282818417,0.06,identity,1.7.7
0,0,0.0,0.0,49,-5.1,1.2977103010970996,1.322429832083571,0.059950062828225785,-0.05995006282818417,0.06,identity,1.7.7
0,0,0.0,0.0,50,-5.0,1.3184047985911724,1.3421777196143259,0.059950062828225785,-0.05995006282818417,0.06,identity,1.7.7
0,0,0.0,0.0,51,-4.8999999999999995,1.3383178403184184,1.36106536293943,0.059950062828225785,-0.05995006282818417,0.06,identity,1.7.7
0,0,0.0,0.0,52,-4.8,1.3573840724940578,1.3790235211148134,0.059950062828225785,-0.05995006282818417,0.06,identity,1.7.7
0,0,0.0,0.0,53,-4.699999999999999,1.375534883154107,1.3959798155062606,0.059950062828225785,-0.05995006282818417,0.06,identity,1.7.7
0,0,0.0,0.0,54,-4.6,1.3926984983190263,1.4118588697970242,0.059950062828225785,-0.05995006282818417,0.06,identity,1.7.7
0,0,0.0,0.0,55,-4.5,1.4088001145288276,1.426582489058199,0.059950062828225785,-0.05995006282818417,0.06,identity,1.7.7
0,0,0.0,0.0,56,-4.3999999999999995,1.4237620700324334,1.4400698798481881,0.059950062828225785,-0.05995006282818417,0.06,identity,1.7.7
0,0,0.0,0.0,57,-4.3,1.437504056655977,1.4522379129835663,0.059950062828225785,-0.05995006282818417,0.06,identity,1.7.7
0,0,0.0,0.0,58,-4.199999999999999,1.449943374061458,1.4630014302444616,0.059950062828225785,-0.05995006282818417,0.06,identity,1.7.7
0,0,0.0,0.0,59,-4.1,1.4609952277385931,1.4722735958442954,0.059950062828225785,-0.05995006282818417,0.06,identity,1.7.7
0,0,0.0,0.0,60,-4.0,1.4705730716497056,1.4799662930085544,0.059950062828225785,-0.05995006282818417,0.06,identity,1.7.7
0,0,0.0,0.0,61,-3.8999999999999995,1.478588995972082,1.4859905654736356,0.059950062828225785,-0.05995006282818417,0.06,identity,1.7.7
0,0,0.0,0.0,62,-3.8,1.4849541598575118,1.4902571031392609,0.059950062828225785,-0.05995006282818417,0.06,identity,1.7.7
0,0,0.0,0.0,63,-3.6999999999999993,1.4895792685591513,1.492676770492396,0.059950062828225785,-0.05995006282818417,0.06,identity,1.7.7
0,0,0.0,0.0,64,-3.5999999999999996,1.4923750936669284,1.4931611757739929,0.059950062828225785,-0.05995006282818417,0.06,identity,1.7.7
0,0,0.0,0.0,65,-3.5,1.4932530345513082,1.4916232781904535,0.059950062828225785,-0.05995006282818417,0.06,identity,1.7.7
0,0,0.0,0.0,66,-3.3999999999999995,1.4921257184493022,1.48797802978877,0.059950062828225785,-0.05995006282818417,0.06,identity,1.7.7
0,0,0.0,0.0,67,-3.3,1.4889076359452478,1.4821430479280733,0.059950062828225785,-0.05995006282818417,0.06,identity,1.7.7
0,0,0.0,0.0,68,-3.1999999999999993,1.4835158079121802,1.474039313601976,0.059950062828225785,-0.05995006282818417,0.06,identity,1.7.7
0,0,0.0,0.0,69,-3.0999999999999996,1.4758704792985593,1.4635918902074152,0.059950062828225785,-0.05995006282818417,0.06,identity,1.7.7
0,0,0.0,0.0,70,-3.0,1.465895834481394,1.450730656728949,0.059950062828225785,-0.05995006282818417,0.06,identity,1.7.7
0,0,0.0,0.0,71,-2.8999999999999995,1.4535207282725866,1.435391048725238,0.059950062828225785,-0.05995006282818417,0.06,identity,1.7.7
0,0,0.0,0.0,72,-2.8,1.4386794260732174,1.417514799979297,0.059950062828225785,-0.05995006282818417,0.06,identity,1.7.7
0,0,0.0,0.0,73,-2.6999999999999993,1.4213123461330255,1.3970506772183977,0.059950062828225785,-0.05995006282818417,0.06,identity,1.7.7
0,0,0.0,0.0,74,-2.5999999999999996,1.401366796401986,1.3739551999351023,0.059950062828225785,-0.05995006282818417,0.06,identity,1.7.7
0,0,0.0,0.0,75,-2.5,1.3787976980696006,1.3481933370588772,0.059950062828225785,-0.05995006282818417,0.06,identity,1.7.7
0,0,0.0,0.0,76,-2.3999999999999995,1.3535682875865622,1.3197391720481155,0.059950062828225785,-0.05995006282818417,0.06,identity,1.7.7
0,0,0.0,0.0,77,-2.3,1.3256507887630882,1.2885765279039005,0.059950062828225785,-0.05995006282818417,0.06,identity,1.7.7
0,0,0.0,0.0,78,-2.1999999999999993,1.2950270464474312,1.2546995436566208,0.059950062828225785,-0.05995006282818417,0.06,identity,1.7.7
0,0,0.0,0.0,79,-2.0999999999999996,1.2616891133143548,1.218113194049932,0.059950062828225785,-0.05995006282818417,0.06,identity,1.7.7
0,0,0.0,0.0,80,-2.0,1.2256397814423907,1.1788337444469181,0.059950062828225785,-0.05995006282818417,0.06,identity,1.7.7
0,0,0.0,0.0,81,-1.9000000000000004,1.1868930506342539,1.136889133411792,0.059950062828225785,-0.05995006282818417,0.06,identity,1.7.7
0,0,0.0,0.0,82,-1.799999999999999,1.1454745258384709,1.092319275975964,0.059950062828225785,-0.05995006282818417,0.06,identity,1.7.7
0,0,0.0,0.0,83,-1.6999999999999993,1.101421736561379,1.0451762812763097,0.059950062828225785,-0.05995006282818417,0.06,identity,1.7.7
0,0,0.0,0.0,84,-1.5999999999999996,1.0547843718141883,0.9955245790500163,0.059950062828225785,-0.05995006282818417,0.06,identity,1.7.7
0,0,0.0,0.0,85,-1.5,1.0056244249142348,0.9434409503762148,0.059950062828225785,-0.05995006282818417,0.06,identity,1.7.7
0,0,0.0,0.0,86,-1.4000000000000004,0.954016243345092,0.8890144590590463,0.059950062828225785,-0.05995006282818417,0.06,identity,1.7.7
0,0,0.0,0.0,87,-1.299999999999999,0.9000464798666084,0.832346281137021,0.059950062828225785,-0.05995006282818417,0.06,identity,1.7.7
0,0,0.0,0.0,88,-1.1999999999999993,0.8438139421407941,0.7735494311647187,0.059950062828225785,-0.05995006282818417,0.06,identity,1.7.7
0,0,0.0,0.0,89,-1.0999999999999996,0.7854293392883278,0.7127483851283845,0.059950062828225785,-0.05995006282818417,0.06,identity,1.7.7
0,0,0.0,0.0,90,-1.0,0.725014924996976,0.650078601108727,0.059950062828225785,-0.05995006282818417,0.06,identity,1.7.7
0,0,0.0,0.0,91,-0.9000000000000004,0.6627040380496007,0.5856859400729492,0.059950062828225785,-0.05995006282818417,0.06,identity,1.7.7
0,0,0.0,0.0,92,-0.7999999999999989,0.5986405424065788,0.5197259904436176,0.059950062828225785,-0.05995006282818417,0.06,identity,1.7.7
0,0,0.0,0.0,93,-0.6999999999999993,0.5329781702454013,0.45236330133394304,0.059950062828225785,-0.05995006282818417,0.06,identity,1.7.7
0,0,0.0,0.0,94,-0.5999999999999996,0.46587977260852464,0.38377053053681187,0.059950062828225785,-0.05995006282818417,0.06,identity,1.7.7
0,0,0.0,0.0,95,-0.5,0.39751648351860314,0.3141275144883662,0.059950062828225785,-0.05995006282818417,0.06,identity,1.7.7
0,0,0.0,0.0,96,-0.3999999999999986,0.3280668045678129,0.24362026847673246,0.059950062828225785,-0.05995006282818417,0.06,identity,1.7.7
0,0,0.0,0.0,97,-0.29999999999999893,0.2577156180555495,0.17243992631448357,0.059950062828225785,-0.05995006282818417,0.06,identity,1.7.7
0,0,0.0,0.0,98,-0.1999999999999993,0.18665313771793002,0.10078162952306334,0.059950062828225785,-0.05995006282818417,0.06,identity,1.7.7
0,0,0.0,0.0,99,-0.09999999999999964,0.11507380694638386,0.028843376774094605,0.059950062828225785,-0.05995006282818417,0.06,identity,1.7.7
0,0,0.0,0.0,100,0.0,0.04317515511614934,-0.043175155116119156,0.059950062828225785,-0.05995006282818417,0.06,identity,1.7.7
0,0,0.0,0.0,101,0.10000000000000142,-0.02884337677406479,-0.11507380694635327,0.059950062828225785,-0.05995006282818417,0.06,identity,1.7.7
0,0,0.0,0.0,102,0.20000000000000107,-0.10078162952303314,-0.18665313771789982,0.059950062828225785,-0.05995006282818417,0.06,identity,1.7.7
0,0,0.0,0.0,103,0.3000000000000007,-0.1724399263144534,-0.25771561805551935,0.059950062828225785,-0.05995006282818417,0.06,identity,1.7.7
0,0,0.0,0.0,104,0.40000000000000036,-0.24362026847670196,-0.32806680456778314,0.059950062828225785,-0.05995006282818417,0.06,identity,1.7.7
0,0,0.0,0.0,105,0.5,-0.314127514488336,-0.39751648351857294,0.059950062828225785,-0.05995006282818417,0.06,identity,1.7.7
0,0,0.0,0.0,106,0.6000000000000014,-0.383770530536782,-0.4658797726084941,0.059950062828225785,-0.05995006282818417,0.06,identity,1.7.7
0,0,0.0,0.0,107,0.7000000000000011,-0.45236330133391284,-0.5329781702453711,0.059950062828225785,-0.05995006282818417,0.06,identity,1.7.7
0,0,0.0,0.0,108,0.8000000000000007,-0.5197259904435869,-0.5986405424065488,0.059950062828225785,-0.05995006282818417,0.06,identity,1.7.7
0,0,0.0,0.0,109,0.9000000000000004,-0.5856859400729185,-0.6627040380495709,0.059950062828225785,-0.05995006282818417,0.06,identity,1.7.7
0,0,0.0,0.0,110,1.0,-0.6500786011086971,-0.7250149249969454,0.059950062828225785,-0.05995006282818417,0.06,identity,1.7.7
0,0,0.0,0.0,111,1.1000000000000014,-0.7127483851283546,-0.7854293392882971,0.059950062828225785,-0.05995006282818417,0.06,identity,1.7.7
0,0,0.0,0.0,112,1.200000000000001,-0.7735494311646884,-0.8438139421407638,0.059950062828225785,-0.05995006282818417,0.06,identity,1.7.7
0,0,0.0,0.0,113,1.3000000000000007,-0.8323462811369903,-0.9000464798665783,0.059950062828225785,-0.05995006282818417,0.06,identity,1.7.7
0,0,0.0,0.0,114,1.4000000000000004,-0.8890144590590157,-0.9540162433450623,0.059950062828225785,-0.05995006282818417,0.06,identity,1.7.7
0,0,0.0,0.0,115,1.5,-0.9434409503761848,-1.0056244249142043,0.059950062828225785,-0.05995006282818417,0.06,identity,1.7.7
0,0,0.0,0.0,116,1.6000000000000014,-0.9955245790499864,-1.054784371814158,0.059950062828225785,-0.05995006282818417,0.06,identity,1.7.7
0,0,0.0,0.0,117,1.700000000000001,-1.04517628127628,-1.1014217365613497,0.059950062828225785,-0.05995006282818417,0.06,identity,1.7.7
0,0,0.0,0.0,118,1.8000000000000007,-1.0923192759759344,-1.1454745258384422,0.059950062828225785,-0.05995006282818417,0.06,identity,1.7.7
0,0,0.0,0.0,119,1.9000000000000004,-1.1368891334117628,-1.186893050634226,0.059950062828225785,-0.05995006282818417,0.06,identity,1.7.7
0,0,0.0,0.0,120,2.0,-1.1788337444468902,-1.2256397814423627,0.059950062828225785,-0.05995006282818417,0.06,identity,1.7.7
0,0,0.0,0.0,121,2.1000000000000014,-1.2181131940499041,-1.2616891133143275,0.059950062828225785,-0.05995006282818417,0.06,identity,1.7.7
0,0,0.0,0.0,122,2.200000000000001,-1.2546995436565933,-1.2950270464474045,0.059950062828225785,-0.05995006282818417,0.06,identity,1.7.7
0,0,0.0,0.0,123,2.3000000000000007,-1.2885765279038734,-1.3256507887630624,0.059950062828225785,-0.05995006282818417,0.06,identity,1.7.7
0,0,0.0,0.0,124,2.4000000000000004,-1.3197391720480895,-1.3535682875865371,0.059950062828225785,-0.05995006282818417,0.06,identity,1.7.7
0,0,0.0,0.0,125,2.5,-1.3481933370588521,-1.3787976980695755,0.059950062828225785,-0.05995006282818417,0.06,identity,1.7.7
0,0,0.0,0.0,126,2.6000000000000014,-1.3739551999350774,-1.4013667964019616,0.059950062828225785,-0.05995006282818417,0.06,identity,1.7.7
0,0,0.0,0.0,127,2.700000000000001,-1.3970506772183733,-1.4213123461330024,0.059950062828225785,-0.05995006282818417,0.06,identity,1.7.7
0,0,0.0,0.0,128,2.8000000000000007,-1.4175147999792739,-1.4386794260731957,0.059950062828225785,-0.05995006282818417,0.06,identity,1.7.7
0,0,0.0,0.0,129,2.9000000000000004,-1.4353910487252162,-1.4535207282725657,0.059950062828225785,-0.05995006282818417,0.06,identity,1.7.7
0,0,0.0,0.0,130,3.0,-1.4507306567289282,-1.465895834481374,0.059950062828225785,-0.05995006282818417,0.06,identity,1.7.7
0,0,0.0,0.0,131,3.1000000000000014,-1.4635918902073952,-1.4758704792985398,0.059950062828225785,-0.05995006282818417,0.06,identity,1.7.7
0,0,0.0,0.0,132,3.200000000000001,-1.4740393136019565,-1.4835158079121615,0.059950062828225785,-0.05995006282818417,0.06,identity,1.7.7
0,0,0.0,0.0,133,3.3000000000000007,-1.4821430479280546,-1.4889076359452305,0.059950062828225785,-0.05995006282818417,0.06,identity,1.7.7
0,0,0.0,0.0,134,3.4000000000000004,-1.4879780297887524,-1.492125718449285,0.059950062828225785,-0.05995006282818417,0.06,identity,1.7.7
0,0,0.0,0.0,135,3.5,-1.4916232781904362,-1.4932530345512918,0.059950062828225785,-0.05995006282818417,0.06,identity,1.7.7
0,0,0.0,0.0,136,3.6000000000000014,-1.4931611757739764,-1.492375093666913,0.059950062828225785,-0.05995006282818417,0.06,identity,1.7.7
0,0,0.0,0.0,137,3.700000000000001,-1.4926767704923802,-1.4895792685591365,0.059950062828225785,-0.05995006282818417,0.06,identity,1.7.7
0,0,0.0,0.0,138,3.8000000000000007,-1.4902571031392458,-1.4849541598574971,0.059950062828225785,-0.05995006282818417,0.06,identity,1.7.7
0,0,0.0,0.0,139,3.9000000000000004,-1.485990565473621,-1.4785889959720673,0.059950062828225785,-0.05995006282818417,0.06,identity,1.7.7
0,0,0.0,0.0,140,4.0,-1.4799662930085398,-1.4705730716496914,0.059950062828225785,-0.05995006282818417,0.06,identity,1.7.7
0,0,0.0,0.0,141,4.100000000000001,-1.4722735958442807,-1.460995227738579,0.059950062828225785,-0.05995006282818417,0.06,identity,1.7.7
0,0,0.0,0.0,142,4.200000000000001,-1.4630014302444476,-1.4499433740614445,0.059950062828225785,-0.05995006282818417,0.06,identity,1.7.7
0,0,0.0,0.0,143,4.300000000000001,-1.4522379129835528,-1.4375040566559634,0.059950062828225785,-0.05995006282818417,0.06,identity,1.7.7
0,0,0.0,0.0,144,4.4,-1.4400698798481748,-1.42376207003242,0.059950062828225785,-0.05995006282818417,0.06,identity,1.7.7
0,0,0.0,0.0,145,4.5,-1.4265824890581855,-1.408800114528815,0.059950062828225785,-0.05995006282818417,0.06,identity,1.7.7
0,0,0.0,0.0,146,4.600000000000001,-1.4118588697970111,-1.392698498319014,0.059950062828225785,-0.05995006282818417,0.06,identity,1.7.7
0,0,0.0,0.0,147,4.700000000000001,-1.3959798155062482,-1.375534883154095,0.059950062828225785,-0.05995006282818417,0.06,identity,1.7.7
0,0,0.0,0.0,148,4.800000000000001,-1.3790235211148016,-1.3573840724940465,0.059950062828225785,-0.05995006282818417,0.06,identity,1.7.7
0,0,0.0,0.0,149,4.9,-1.361065362939419,-1.3383178403184077,0.059950062828225785,-0.05995006282818417,0.06,identity,1.7.7
0,0,0.0,0.0,150,5.0,-1.3421777196143152,-1.3184047985911622,0.059950062828225785,-0.05995006282818417,0.06,identity,1.7.7
0,0,0.0,0.0,151,5.100000000000001,-1.3224298320835606,-1.2977103010970896,0.059950062828225785,-0.05995006282818417,0.06,identity,1.7.7
0,0,0.0,0.0,152,5.200000000000001,-1.3018877004211409,-1.276296381162767,0.059950062828225785,-0.05995006282818417,0.06,identity,1.7.7
0,0,0.0,0.0,153,5.300000000000001,-1.2806140150291614,-1.2542217206235757,0.059950062828225785,-0.05995006282818417,0.06,identity,1.7.7
0,0,0.0,0.0,154,5.4,-1.2586681196028133,-1.2315416472958096,0.059950062828225785,-0.05995006282818417,0.06,identity,1.7.7
0,0,0.0,0.0,155,5.5,-1.2361060031389894,-1.208308158157069,0.059950062828225785,-0.05995006282818417,0.06,identity,1.7.7
0,0,0.0,0.0,156,5.600000000000001,-1.212980318200677,-1.1845699654248765,0.059950062828225785,-0.05995006282818417,0.06,identity,1.7.7
0,0,0.0,0.0,157,5.700000000000001,-1.189340422627912,-1.160372562748811,0.059950062828225785,-0.05995006282818417,0.06,identity,1.7.7
0,0,0.0,0.0,158,5.800000000000001,-1.1652324419041251,-1.1357583087910925,0.059950062828225785,-0.05995006282818417,0.06,identity,1.7.7
0,0,0.0,0.0,159,5.9,-1.1406993494398867,-1.110766525560061,0.059950062828225785,-0.05995006282818417,0.06,identity,1.7.7
0,0,0.0,0.0,160,6.0,-1.1157810621199542,-1.0854336089758445,0.059950062828225785,-0.05995006282818417,0.06,identity,1.7.7
0,0,0.0,0.0,161,6.100000000000001,-1.0905145485696488,-1.059793149283266,0.059950062828225785,-0.05995006282818417,0.06,identity,1.7.7
0,0,0.0,0.0,162,6.199999999999999,-1.064933947728459,-1.033876059079397,0.059950062828225785,-0.05995006282818417,0.06,identity,1.7.7
0,0,0.0,0.0,163,6.300000000000001,-1.0390706954680757,-1.0077107068879658,0.059950062828225785,-0.05995006282818417,0.06,identity,1.7.7
0,0,0.0,0.0,164,6.400000000000002,-1.0129536571546058,-0.9813230543862159,0.059950062828225785,-0.05995006282818417,0.06,identity,1.7.7
0,0,0.0,0.0,165,6.5,-0.9866092642265625,-0.9547367955681796,0.059950062828225785,-0.05995006282818417,0.06,identity,1.7.7
0,0,0.0,0.0,166,6.600000000000001,-0.9600616530377775,-0.9279734963084354,0.059950062828225785,-0.05995006282818417,0.06,identity,1.7.7
0,0,0.0,0.0,167,6.699999999999999,-0.9333328043942482,-0.9010527329693545,0.059950062828225785,-0.05995006282818417,0.06,identity,1.7.7
0,0,0.0,0.0,168,6.800000000000001,-0.9064426823931924,-0.8739922288700426,0.059950062828225785,-0.05995006282818417,0.06,identity,1.7.7
0,0,0.0,0.0,169,6.900000000000002,-0.8794093713485985,-0.8468079876045035,0.059950062828225785,-0.05995006282818417,0.06,identity,1.7.7
0,0,0.0,0.0,170,7.0,-0.8522492097580788,-0.8195144223581728,0.059950062828225785,-0.05995006282818417,0.06,identity,1.7.7
0,0,0.0,0.0,171,7.100000000000001,-0.8249769204290112,-0.7921244805244043,0.059950062828225785,-0.05995006282818417,0.06,identity,1.7.7
0,0,0.0,0.0,172,7.199999999999999,-0.797605736036208,-0.7646497630646875,0.059950062828225785,-0.05995006282818417,0.06,identity,1.7.7
0,0,0.0,0.0,173,7.300000000000001,-0.7701475195275636,-0.7371006381874505,0.059950062828225785,-0.05995006282818417,0.06,identity,1.7.7
0,0,0.0,0.0,174,7.400000000000002,-0.7426128789273874,-0.7094863490397962,0.059950062828225785,-0.05995006282818417,0.06,identity,1.7.7
0,0,0.0,0.0,175,7.5,-0.715011276208876,-0.6818151152141679,0.059950062828225785,-0.05995006282818417,0.06,identity,1.7.7
0,0,0.0,0.0,176,7.600000000000001,-0.6873511300171353,-0.6540942279676885,0.059950062828225785,-0.05995006282818417,0.06,identity,1.7.7
0,0,0.0,0.0,177,7.699999999999999,-0.6596399121222095,-0.626330139136012,0.059950062828225785,-0.05995006282818417,0.06,identity,1.7.7
0,0,0.0,0.0,178,7.800000000000001,-0.6318842375679233,-0.5985285437962423,0.059950062828225785,-0.05995006282818417,0.06,identity,1.7.7
0,0,0.0,0.0,179,7.900000000000002,-0.6040899485572558,-0.5706944567953608,0.059950062828225785,-0.05995006282818417,0.06,identity,1.7.7
0,0,0.0,0.0,180,8.0,-0.5762621921789328,-0.5428322833122501,0.059950062828225785,-0.05995006282818417,0.06,identity,1.7.7
0,0,0.0,0.0,181,8.100000000000001,-0.5484054921335437,-0.5149458836634639,0.059950062828225785,-0.05995006282818417,0.06,identity,1.7.7
0,0,0.0,0.0,182,8.2,-0.520523814661386,-0.4870386325961984,0.059950062828225785,-0.05995006282818417,0.06,identity,1.7.7
0,0,0.0,0.0,183,8.3,-0.4926206289092262,-0.4591134733371567,0.059950062828225785,-0.05995006282818417,0.06,identity,1.7.7
0,0,0.0,0.0,184,8.400000000000002,-0.46469896199995064,-0.43117296668406724,0.059950062828225785,-0.05995006282818417,0.06,identity,1.7.7
0,0,0.0,0.0,185,8.5,-0.43676144908850917,-0.40321933543826277,0.059950062828225785,-0.05995006282818417,0.06,identity,1.7.7
0,0,0.0,0.0,186,8.600000000000001,-0.4088103787004416,-0.37525450448275527,0.059950062828225785,-0.05995006282818417,0.06,identity,1.7.7
0,0,0.0,0.0,187,8.7,-0.3808477336563654,-0.3472801368114524,0.059950062828225785,-0.05995006282818417,0.06,identity,1.7.7
0,0,0.0,0.0,188,8.8,-0.3528752278879336,-0.3192976658122203,0.059950062828225785,-0.05995006282818417,0.06,identity,1.7.7
0,0,0.0,0.0,189,8.900000000000002,-0.32489433944862567,-0.2913083241001463,0.059950062828225785,-0.05995006282818417,0.06,identity,1.7.7
0,0,0.0,0.0,190,9.0,-0.29690634001702193,-0.2633131691882013,0.059950062828225785,-0.05995006282818417,0.06,identity,1.7.7
0,0,0.0,0.0,191,9.100000000000001,-0.26891232118159847,-0.23531310627110522,0.059950062828225785,-0.05995006282818417,0.06,identity,1.7.7
0,0,0.0,0.0,192,9.200000000000003,-0.24091321778510216,-0.20730890838514188,0.059950062828225785,-0.05995006282818417,0.06,identity,1.7.7
0,0,0.0,0.0,193,9.3,-0.21290982859381652,-0.17930123419235333,0.059950062828225785,-0.05995006282818417,0.06,identity,1.7.7
0,0,0.0,0.0,194,9.400000000000002,-0.18490283454296,-0.151290643622407,0.059950062828225785,-0.05995006282818417,0.06,identity,1.7.7
0,0,0.0,0.0,195,9.5,-0.15689281479446499,-0.12327761158986193,0.059950062828225785,-0.05995006282818417,0.06,identity,1.7.7
0,0,0.0,0.0,196,9.600000000000001,-0.12888026082789786,-0.09526253998879268,0.059950062828225785,-0.05995006282818417,0.06,identity,1.7.7
0,0,0.0,0.0,197,9.700000000000003,-0.10086558876955101,-0.06724576815109037,0.059950062828225785,-0.05995006282818417,0.06,identity,1.7.7
0,0,0.0,0.0,198,9.8,-0.07284915014906264,-0.0392275819394262,0.059950062828225785,-0.05995006282818417,0.06,identity,1.7.7
0,0,0.0,0.0,199,9.900000000000002,-0.04483124125753353,-0.011208221630986764,0.059950062828225785,-0.05995006282818417,0.06,identity,1.7.7
0,0,0.0,0.0,200,10.0,0.0,0.0,0.059950062828225785,-0.05995006282818417,0.06,identity,1.7.7
1,40,0.19999999999999857,20.0,0,-10.0,0.0,0.0,0.03626061763418227,-0.036260617634139264,0.06,identity,1.7.7
1,40,0.19999999999999857,20.0,1,-9.9,0.02690042295674339,0.0289382921145649,0.03626061763418227,-0.036260617634139264,0.06,identity,1.7.7
1,40,0.19999999999999857,20.0,2,-9.8,0.053512491548495224,0.05821790254722567,0.03626061763418227,-0.036260617634139264,0.06,identity,1.7.7
1,40,0.19999999999999857,20.0,3,-9.7,0.08002851250137893,0.08765703371283894,0.03626061763418227,-0.036260617634139264,0.06,identity,1.7.7
1,40,0.19999999999999857,20.0,4,-9.6,0.10660503630056847,0.11709492011958046,0.03626061763418227,-0.036260617634139264,0.06,identity,1.7.7
1,40,0.19999999999999857,20.0,5,-9.5,0.1333497322404509,0.14640948497597228,0.03626061763418227,-0.036260617634139264,0.06,identity,1.7.7
1,40,0.19999999999999857,20.0,6,-9.4,0.1603192451063311,0.17552505314743055,0.03626061763418227,-0.036260617634139264,0.06,identity,1.7.7
1,40,0.19999999999999857,20.0,7,-9.3,0.1875260683166006,0.20441045672745495,0.03626061763418227,-0.036260617634139264,0.06,identity,1.7.7
1,40,0.19999999999999857,20.0,8,-9.2,0.21495080482653647,0.2330700978443069,0.03626061763418227,-0.036260617634139264,0.06,identity,1.7.7
1,40,0.19999999999999857,20.0,9,-9.1,0.24255585966107718,0.261531609848807,0.03626061763418227,-0.036260617634139264,0.06,identity,1.7.7
1,40,0.19999999999999857,20.0,10,-9.0,0.2702974112318933,0.28983359016104365,0.03626061763418227,-0.036260617634139264,0.06,identity,1.7.7
1,40,0.19999999999999857,20.0,11,-8.9,0.2981339049569869,0.3180158229106721,0.03626061763418227,-0.036260617634139264,0.06,identity,1.7.7
1,40,0.19999999999999857,20.0,12,-8.8,0.3260307140111911,0.34611303401001114,0.03626061763418227,-0.036260617634139264,0.06,identity,1.7.7
1,40,0.19999999999999857,20.0,13,-8.7,0.3539616082617751,0.37415203533348335,0.03626061763418227,-0.036260617634139264,0.06,identity,1.7.7
1,40,0.19999999999999857,20.0,14,-8.6,0.38190812262983487,0.4021514016383576,0.03626061763418227,-0.036260617634139264,0.06,identity,1.7.7
1,40,0.19999999999999857,20.0,15,-8.5,0.4098579050522025,0.43012261361632875,0.03626061763418227,-0.036260617634139264,0.06,identity,1.7.7
1,40,0.19999999999999857,20.0,16,-8.4,0.4378028480218428,0.4580717504121631,0.03626061763418227,-0.036260617634139264,0.06,identity,1.7.7
1,40,0.19999999999999857,20.0,17,-8.3,0.46573746141341044,0.4860011272474245,0.03626061763418227,-0.036260617634139264,0.06,identity,1.7.7
1,40,0.19999999999999857,20.0,18,-8.2,0.4936576563337244,0.5139105866910444,0.03626061763418227,-0.036260617634139264,0.06,identity,1.7.7
1,40,0.19999999999999857,20.0,19,-8.1,0.521559929449972,0.5417983788642379,0.03626061763418227,-0.036260617634139264,0.06,identity,1.7.7
1,40,0.19999999999999857,20.0,20,-8.0,0.5494408569781818,0.569661688416246,0.03626061763418227,-0.036260617634139264,0.06,identity,1.7.7
1,40,0.19999999999999857,20.0,21,-7.9,0.577296794076484,0.5974969069768298,0.03626061763418227,-0.036260617634139264,0.06,identity,1.7.7
1,40,0.19999999999999857,20.0,22,-7.8,0.6051236943403957,0.6252997435731452,0.03626061763418227,-0.036260617634139264,0.06,identity,1.7.7
1,40,0.19999999999999857,20.0,23,-7.699999999999999,0.6329169913806038,0.6530652411339124,0.03626061763418227,-0.036260617634139264,0.06,identity,1.7.7
1,40,0.19999999999999857,20.0,24,-7.6,0.6606715079506885,0.6807877419760922,0.03626061763418227,-0.036260617634139264,0.06,identity,1.7.7
1,40,0.19999999999999857,20.0,25,-7.5,0.6883813741985916,0.7084608261390114,0.03626061763418227,-0.036260617634139264,0.06,identity,1.7.7
1,40,0.19999999999999857,20.0,26,-7.4,0.7160399461010376,0.736077234483771,0.03626061763418227,-0.036260617634139264,0.06,identity,1.7.7
1,40,0.19999999999999857,20.0,27,-7.3,0.7436397200970788,0.7636287819480593,0.03626061763418227,-0.036260617634139264,0.06,identity,1.7.7
1,40,0.19999999999999857,20.0,28,-7.199999999999999,0.77117224228492,0.7911062631897665,0.03626061763418227,-0.036260617634139264,0.06,identity,1.7.7
1,40,0.19999999999999857,20.0,29,-7.1,0.7986280115808767,0.8184993515059754,0.03626061763418227,-0.036260617634139264,0.06,identity,1.7.7
1,40,0.19999999999999857,20.0,30,-7.0,0.8259963766881855,0.8457964914299095,0.03626061763418227,-0.036260617634139264,0.06,identity,1.7.7
1,40,0.19999999999999857,20.0,31,-6.9,0.8532654269413508,0.8729847852971451,0.03626061763418227,-0.036260617634139264,0.06,identity,1.7.7
1,40,0.19999999999999857,20.0,32,-6.8,0.880421877232332,0.9000498741110609,0.03626061763418227,-0.036260617634139264,0.06,identity,1.7.7
1,40,0.19999999999999857,20.0,33,-6.699999999999999,0.9074509473476474,0.9269758131358254,0.03626061763418227,-0.036260617634139264,0.06,identity,1.7.7
1,40,0.19999999999999857,20.0,34,-6.6,0.9343362361710555,0.9537449427701634,0.03626061763418227,-0.036260617634139264,0.06,identity,1.7.7
1,40,0.19999999999999857,20.0,35,-6.5,0.961059591341054,0.9803377553954455,0.03626061763418227,-0.036260617634139264,0.06,identity,1.7.7
1,40,0.19999999999999857,20.0,36,-6.4,0.9876009750973366,1.0067327590433566,0.03626061763418227,-0.036260617634139264,0.06,identity,1.7.7
1,40,0.19999999999999857,20.0,37,-6.3,1.0139383272051206,1.0329063388895514,0.03626061763418227,-0.036260617634139264,0.06,identity,1.7.7
1,40,0.19999999999999857,20.0,38,-6.199999999999999,1.0400474260098524,1.0588326177486658,0.03626061763418227,-0.036260617634139264,0.06,identity,1.7.7
1,40,0.19999999999999857,20.0,39,-6.1,1.0659017488456766,1.084483316920982,0.03626061763418227,-0.036260617634139264,0.06,identity,1.7.7
1,40,0.19999999999999857,20.0,40,-6.0,1.0914723331973195,1.1098276189197571,0.03626061763418227,-0.036260617634139264,0.06,identity,1.7.7
1,40,0.19999999999999857,20.0,41,-5.8999999999999995,1.1167276401944637,1.1348320337882194,0.03626061763418227,-0.036260617634139264,0.06,identity,1.7.7
1,40,0.19999999999999857,20.0,42,-5.8,1.1416334221975826,1.1594602708935884,0.03626061763418227,-0.036260617634139264,0.06,identity,1.7.7
1,40,0.19999999999999857,20.0,43,-5.7,1.1661525964116413,1.1836731182589666,0.03626061763418227,-0.036260617634139264,0.06,identity,1.7.7
1,40,0.19999999999999857,20.0,44,-5.6,1.1902451266356557,1.207428331658989,0.03626061763418227,-0.036260617634139264,0.06,identity,1.7.7
1,40,0.19999999999999857,20.0,45,-5.5,1.2138679154182073,1.2306805358578585,0.03626061763418227,-0.036260617634139264,0.06,identity,1.7.7
1,40,0.19999999999999857,20.0,46,-5.3999999999999995,1.236974709037688,1.253381140504687,0.03626061763418227,-0.036260617634139264,0.06,identity,1.7.7
1,40,0.19999999999999857,20.0,47,-5.3,1.2595160178571108,1.275478273316639,0.03626061763418227,-0.036260617634139264,0.06,identity,1.7.7
1,40,0.19999999999999857,20.0,48,-5.199999999999999,1.2814390547124193,1.2969167332707434,0.03626061763418227,-0.036260617634139264,0.06,identity,1.7.7
1,40,0.19999999999999857,20.0,49,-5.1,1.3026876940758942,1.317637966585965,0.03626061763418227,-0.036260617634139264,0.06,identity,1.7.7
1,40,0.19999999999999857,20.0,50,-5.0,1.3232024547880008,1.3375800683037173,0.03626061763418227,-0.036260617634139264,0.06,identity,1.7.7
1,40,0.19999999999999857,20.0,51,-4.8999999999999995,1.3429205091674379,1.356677812263178,0.03626061763418227,-0.036260617634139264,0.06,identity,1.7.7
1,40,0.19999999999999857,20.0,52,-4.8,1.3617757212859591,1.3748627122134494,0.03626061763418227,-0.036260617634139264,0.06,identity,1.7.7
1,40,0.19999999999999857,20.0,53,-4.699999999999999,1.3796987171277892,1.3920631167041124,0.03626061763418227,-0.036260617634139264,0.06,identity,1.7.7
1,40,0.19999999999999857,20.0,54,-4.6,1.3966169892395606,1.4082043402457736,0.03626061763418227,-0.036260617634139264,0.06,identity,1.7.7
1,40,0.19999999999999857,20.0,55,-4.5,1.4124550383125392,1.4232088330302282,0.03626061763418227,-0.036260617634139264,0.06,identity,1.7.7
1,40,0.19999999999999857,20.0,56,-4.3999999999999995,1.4271345539220952,1.4369963912438812,0.03626061763418227,-0.036260617634139264,0.06,identity,1.7.7
1,40,0.19999999999999857,20.0,57,-4.3,1.4405746363781435,1.4494844096969808,0.03626061763418227,-0.036260617634139264,0.06,identity,1.7.7
1,40,0.19999999999999857,20.0,58,-4.199999999999999,1.4526920613137861,1.4605881781248873,0.03626061763418227,-0.036260617634139264,0.06,identity,1.7.7
1,40,0.19999999999999857,20.0,59,-4.1,1.463401588257766,1.47022122209682,0.03626061763418227,-0.036260617634139264,0.06,identity,1.7.7
1,40,0.19999999999999857,20.0,60,-4.0,1.4726163140006663,1.478295688994281,0.03626061763418227,-0.036260617634139264,0.06,identity,1.7.7
1,40,0.19999999999999857,20.0,61,-3.8999999999999995,1.4802480710774044,1.4847227789987412,0.03626061763418227,-0.036260617634139264,0.06,identity,1.7.7
1,40,0.19999999999999857,20.0,62,-3.8,1.4862078711528584,1.489413220460519,0.03626061763418227,-0.036260617634139264,0.06,identity,1.7.7
1,40,0.19999999999999857,20.0,63,-3.6999999999999993,1.490406392518129,1.492277788413619,0.03626061763418227,-0.036260617634139264,0.06,identity,1.7.7
1,40,0.19999999999999857,20.0,64,-3.5999999999999996,1.4927545102878244,1.4932278643613943,0.03626061763418227,-0.036260617634139264,0.06,identity,1.7.7
1,40,0.19999999999999857,20.0,65,-3.5,1.4931638672410026,1.492176034793173,0.03626061763418227,-0.036260617634139264,0.06,identity,1.7.7
1,40,0.19999999999999857,20.0,66,-3.3999999999999995,1.4915474825782005,1.4890367252114873,0.03626061763418227,-0.036260617634139264,0.06,identity,1.7.7
1,40,0.19999999999999857,20.0,67,-3.3,1.487820395183713,1.483726865763338,0.03626061763418227,-0.036260617634139264,0.06,identity,1.7.7
1,40,0.19999999999999857,20.0,68,-3.1999999999999993,1.48190033729625,1.4761665838878992,0.03626061763418227,-0.036260617634139264,0.06,identity,1.7.7
1,40,0.19999999999999857,20.0,69,-3.0999999999999996,1.473708433813414,1.4662799187289401,0.03626061763418227,-0.036260617634139264,0.06,identity,1.7.7
1,40,0.19999999999999857,20.0,70,-3.0,1.4631699217980167,1.4539955514251257,0.03626061763418227,-0.036260617634139264,0.06,identity,1.7.7
1,40,0.19999999999999857,20.0,71,-2.8999999999999995,1.45021488412928,1.4392475447978328,0.03626061763418227,-0.036260617634139264,0.06,identity,1.7.7
1,40,0.19999999999999857,20.0,72,-2.8,1.4347789906621018,1.4219760854167223,0.03626061763418227,-0.036260617634139264,0.06,identity,1.7.7
1,40,0.19999999999999857,20.0,73,-2.6999999999999993,1.4168042397353238,1.4021282205505028,0.03626061763418227,-0.036260617634139264,0.06,identity,1.7.7
1,40,0.19999999999999857,20.0,74,-2.5999999999999996,1.3962396924176697,1.3796585821160614,0.03626061763418227,-0.036260617634139264,0.06,identity,1.7.7
1,40,0.19999999999999857,20.0,75,-2.5,1.3730421915095603,1.354530089434743,0.03626061763418227,-0.036260617634139264,0.06,identity,1.7.7
1,40,0.19999999999999857,20.0,76,-2.3999999999999995,1.347177057041364,1.3267146224002793,0.03626061763418227,-0.036260617634139264,0.06,identity,1.7.7
1,40,0.19999999999999857,20.0,77,-2.3,1.3186187498338016,1.296193656567774,0.03626061763418227,-0.036260617634139264,0.06,identity,1.7.7
1,40,0.19999999999999857,20.0,78,-2.1999999999999993,1.287351494622834,1.2629588516947579,0.03626061763418227,-0.036260617634139264,0.06,identity,1.7.7
1,40,0.19999999999999857,20.0,79,-2.0999999999999996,1.2533698543064804,1.2270125854094243,0.03626061763418227,-0.036260617634139264,0.06,identity,1.7.7
1,40,0.19999999999999857,20.0,80,-2.0,1.216679247049903,1.1883684239515506,0.03626061763418227,-0.036260617634139264,0.06,identity,1.7.7
1,40,0.19999999999999857,20.0,81,-1.9000000000000004,1.1772963982910118,1.1470515223300268,0.03626061763418227,-0.036260617634139264,0.06,identity,1.7.7
1,40,0.19999999999999857,20.0,82,-1.799999999999999,1.1352497201228322,1.1030989467667167,0.03626061763418227,-0.036260617634139264,0.06,identity,1.7.7
1,40,0.19999999999999857,20.0,83,-1.6999999999999993,1.0905796110897392,1.0565599129466827,0.03626061763418227,-0.036260617634139264,0.06,identity,1.7.7
1,40,0.19999999999999857,20.0,84,-1.5999999999999996,1.0433386701187382,1.0074959343641972,0.03626061763418227,-0.036260617634139264,0.06,identity,1.7.7
1,40,0.19999999999999857,20.0,85,-1.5,0.9935918191082783,0.9559808759347181,0.03626061763418227,-0.036260617634139264,0.06,identity,1.7.7
1,40,0.19999999999999857,20.0,86,-1.4000000000000004,0.9414163296071616,0.9021009090250279,0.03626061763418227,-0.036260617634139264,0.06,identity,1.7.7
1,40,0.19999999999999857,20.0,87,-1.299999999999999,0.8869017500242435,0.8459543651246424,0.03626061763418227,-0.036260617634139264,0.06,identity,1.7.7
1,40,0.19999999999999857,20.0,88,-1.1999999999999993,0.830149730902885,0.7876514865271103,0.03626061763418227,-0.036260617634139264,0.06,identity,1.7.7
1,40,0.19999999999999857,20.0,89,-1.0999999999999996,0.7712737469576134,0.7273140735936333,0.03626061763418227,-0.036260617634139264,0.06,identity,1.7.7
1,40,0.19999999999999857,20.0,90,-1.0,0.710398715787472,0.6650750294158357,0.03626061763418227,-0.036260617634139264,0.06,identity,1.7.7
1,40,0.19999999999999857,20.0,91,-0.9000000000000004,0.6476605144329721,0.6010778039604642,0.03626061763418227,-0.036260617634139264,0.06,identity,1.7.7
1,40,0.19999999999999857,20.0,92,-0.7999999999999989,0.5832053962120712,0.5354757410463765,0.03626061763418227,-0.036260617634139264,0.06,identity,1.7.7
1,40,0.19999999999999857,20.0,93,-0.6999999999999993,0.5171893115350994,0.4684313327529627,0.03626061763418227,-0.036260617634139264,0.06,identity,1.7.7
1,40,0.19999999999999857,20.0,94,-0.5999999999999996,0.44977713763851984,0.40011538706856464,0.03626061763418227,-0.036260617634139264,0.06,identity,1.7.7
1,40,0.19999999999999857,20.0,95,-0.5,0.381141823372347,0.3307061157372738,0.03626061763418227,-0.036260617634139264,0.06,identity,1.7.7
1,40,0.19999999999999857,20.0,96,-0.3999999999999986,0.3114634563058116,0.2603881503331242,0.03626061763418227,-0.036260617634139264,0.06,identity,1.7.7
1,40,0.19999999999999857,20.0,97,-0.29999999999999893,0.24092826046121577,0.18935149556372402,0.03626061763418227,-0.036260617634139264,0.06,identity,1.7.7
1,40,0.19999999999999857,20.0,98,-0.1999999999999993,0.16972753392876003,0.11779042966384413,0.03626061763418227,-0.036260617634139264,0.06,identity,1.7.7
1,40,0.19999999999999857,20.0,99,-0.09999999999999964,0.09805653643901675,0.04590236246831397,0.03626061763418227,-0.036260617634139264,0.06,identity,1.7.7
1,40,0.19999999999999857,20.0,100,0.0,0.026113337660150768,-0.02611333766011981,0.03626061763418227,-0.036260617634139264,0.06,identity,1.7.7
1,40,0.19999999999999857,20.0,101,0.10000000000000142,-0.045902362468282984,-0.09805653643898585,0.03626061763418227,-0.036260617634139264,0.06,identity,1.7.7
1,40,0.19999999999999857,20.0,102,0.20000000000000107,-0.11779042966381316,-0.1697275339287292,0.03626061763418227,-0.036260617634139264,0.06,identity,1.7.7
1,40,0.19999999999999857,20.0,103,0.3000000000000007,-0.18935149556369305,-0.24092826046118496,0.03626061763418227,-0.036260617634139264,0.06,identity,1.7.7
1,40,0.19999999999999857,20.0,104,0.40000000000000036,-0.26038815033309326,-0.3114634563057809,0.03626061763418227,-0.036260617634139264,0.06,identity,1.7.7
1,40,0.19999999999999857,20.0,105,0.5,-0.33070611573724285,-0.3811418233723162,0.03626061763418227,-0.036260617634139264,0.06,identity,1.7.7
1,40,0.19999999999999857,20.0,106,0.6000000000000014,-0.40011538706853367,-0.4497771376384891,0.03626061763418227,-0.036260617634139264,0.06,identity,1.7.7
1,40,0.19999999999999857,20.0,107,0.7000000000000011,-0.4684313327529316,-0.5171893115350685,0.03626061763418227,-0.036260617634139264,0.06,identity,1.7.7
1,40,0.19999999999999857,20.0,108,0.8000000000000007,-0.5354757410463454,-0.5832053962120404,0.03626061763418227,-0.036260617634139264,0.06,identity,1.7.7
1,40,0.19999999999999857,20.0,109,0.9000000000000004,-0.6010778039604331,-0.6476605144329413,0.03626061763418227,-0.036260617634139264,0.06,identity,1.7.7
1,40,0.19999999999999857,20.0,110,1.0,-0.6650750294158048,-0.7103987157874414,0.03626061763418227,-0.036260617634139264,0.06,identity,1.7.7
1,40,0.19999999999999857,20.0,111,1.1000000000000014,-0.7273140735936026,-0.7712737469575829,0.03626061763418227,-0.036260617634139264,0.06,identity,1.7.7
1,40,0.19999999999999857,20.0,112,1.200000000000001,-0.7876514865270797,-0.8301497309028546,0.03626061763418227,-0.036260617634139264,0.06,identity,1.7.7
1,40,0.19999999999999857,20.0,113,1.3000000000000007,-0.8459543651246121,-0.8869017500242133,0.03626061763418227,-0.036260617634139264,0.06,identity,1.7.7
1,40,0.19999999999999857,20.0,114,1.4000000000000004,-0.9021009090249977,-0.9414163296071317,0.03626061763418227,-0.036260617634139264,0.06,identity,1.7.7
1,40,0.19999999999999857,20.0,115,1.5,-0.9559808759346881,-0.9935918191082485,0.03626061763418227,-0.036260617634139264,0.06,identity,1.7.7
1,40,0.19999999999999857,20.0,116,1.6000000000000014,-1.0074959343641674,-1.0433386701187088,0.03626061763418227,-0.036260617634139264,0.06,identity,1.7.7
1,40,0.19999999999999857,20.0,117,1.700000000000001,-1.0565599129466534,-1.0905796110897106,0.03626061763418227,-0.036260617634139264,0.06,identity,1.7.7
1,40,0.19999999999999857,20.0,118,1.8000000000000007,-1.1030989467666878,-1.1352497201228038,0.03626061763418227,-0.036260617634139264,0.06,identity,1.7.7
1,40,0.19999999999999857,20.0,119,1.9000000000000004,-1.1470515223299984,-1.177296398290984,0.03626061763418227,-0.036260617634139264,0.06,identity,1.7.7
1,40,0.19999999999999857,20.0,120,2.0,-1.1883684239515226,-1.216679247049876,0.03626061763418227,-0.036260617634139264,0.06,identity,1.7.7
1,40,0.19999999999999857,20.0,121,2.1000000000000014,-1.2270125854093967,-1.2533698543064538,0.03626061763418227,-0.036260617634139264,0.06,identity,1.7.7
1,40,0.19999999999999857,20.0,122,2.200000000000001,-1.2629588516947312,-1.2873514946228077,0.03626061763418227,-0.036260617634139264,0.06,identity,1.7.7
1,40,0.19999999999999857,20.0,123,2.3000000000000007,-1.2961936565677479,-1.3186187498337758,0.03626061763418227,-0.036260617634139264,0.06,identity,1.7.7
1,40,0.19999999999999857,20.0,124,2.4000000000000004,-1.3267146224002537,-1.347177057041339,0.03626061763418227,-0.036260617634139264,0.06,identity,1.7.7
1,40,0.19999999999999857,20.0,125,2.5,-1.3545300894347183,-1.373042191509536,0.03626061763418227,-0.036260617634139264,0.06,identity,1.7.7
1,40,0.19999999999999857,20.0,126,2.6000000000000014,-1.3796585821160374,-1.3962396924176463,0.03626061763418227,-0.036260617634139264,0.06,identity,1.7.7
1,40,0.19999999999999857,20.0,127,2.700000000000001,-1.40212822055048,-1.4168042397353011,0.03626061763418227,-0.036260617634139264,0.06,identity,1.7.7
1,40,0.19999999999999857,20.0,128,2.8000000000000007,-1.4219760854167,-1.4347789906620796,0.03626061763418227,-0.036260617634139264,0.06,identity,1.7.7
1,40,0.19999999999999857,20.0,129,2.9000000000000004,-1.4392475447978115,-1.4502148841292586,0.03626061763418227,-0.036260617634139264,0.06,identity,1.7.7
1,40,0.19999999999999857,20.0,130,3.0,-1.4539955514251053,-1.4631699217979963,0.03626061763418227,-0.036260617634139264,0.06,identity,1.7.7
1,40,0.19999999999999857,20.0,131,3.1000000000000014,-1.4662799187289206,-1.4737084338133946,0.03626061763418227,-0.036260617634139264,0.06,identity,1.7.7
1,40,0.19999999999999857,20.0,132,3.200000000000001,-1.4761665838878804,-1.4819003372962314,0.03626061763418227,-0.036260617634139264,0.06,identity,1.7.7
1,40,0.19999999999999857,20.0,133,3.3000000000000007,-1.4837268657633198,-1.4878203951836952,0.03626061763418227,-0.036260617634139264,0.06,identity,1.7.7
1,40,0.19999999999999857,20.0,134,3.4000000000000004,-1.4890367252114698,-1.4915474825781831,0.03626061763418227,-0.036260617634139264,0.06,identity,1.7.7
1,40,0.19999999999999857,20.0,135,3.5,-1.4921760347931559,-1.4931638672409862,0.03626061763418227,-0.036260617634139264,0.06,identity,1.7.7
1,40,0.19999999999999857,20.0,136,3.6000000000000014,-1.4932278643613779,-1.4927545102878084,0.03626061763418227,-0.036260617634139264,0.06,identity,1.7.7
1,40,0.19999999999999857,20.0,137,3.700000000000001,-1.492277788413603,-1.4904063925181132,0.03626061763418227,-0.036260617634139264,0.06,identity,1.7.7
1,40,0.19999999999999857,20.0,138,3.8000000000000007,-1.4894132204605037,-1.4862078711528433,0.03626061763418227,-0.036260617634139264,0.06,identity,1.7.7
1,40,0.19999999999999857,20.0,139,3.9000000000000004,-1.4847227789987265,-1.4802480710773893,0.03626061763418227,-0.036260617634139264,0.06,identity,1.7.7
1,40,0.19999999999999857,20.0,140,4.0,-1.4782956889942667,-1.472616314000652,0.03626061763418227,-0.036260617634139264,0.06,identity,1.7.7
1,40,0.19999999999999857,20.0,141,4.100000000000001,-1.470221222096806,-1.4634015882577522,0.03626061763418227,-0.036260617634139264,0.06,identity,1.7.7
1,40,0.19999999999999857,20.0,142,4.200000000000001,-1.4605881781248737,-1.4526920613137724,0.03626061763418227,-0.036260617634139264,0.06,identity,1.7.7
1,40,0.19999999999999857,20.0,143,4.300000000000001,-1.4494844096969675,-1.4405746363781302,0.03626061763418227,-0.036260617634139264,0.06,identity,1.7.7
1,40,0.19999999999999857,20.0,144,4.4,-1.4369963912438686,-1.4271345539220828,0.03626061763418227,-0.036260617634139264,0.06,identity,1.7.7
1,40,0.19999999999999857,20.0,145,4.5,-1.4232088330302157,-1.412455038312527,0.03626061763418227,-0.036260617634139264,0.06,identity,1.7.7
1,40,0.19999999999999857,20.0,146,4.600000000000001,-1.4082043402457611,-1.3966169892395488,0.03626061763418227,-0.036260617634139264,0.06,identity,1.7.7
1,40,0.19999999999999857,20.0,147,4.700000000000001,-1.3920631167041004,-1.3796987171277777,0.03626061763418227,-0.036260617634139264,0.06,identity,1.7.7
1,40,0.19999999999999857,20.0,148,4.800000000000001,-1.3748627122134376,-1.3617757212859476,0.03626061763418227,-0.036260617634139264,0.06,identity,1.7.7
1,40,0.19999999999999857,20.0,149,4.9,-1.3566778122631664,-1.3429205091674266,0.03626061763418227,-0.036260617634139264,0.06,identity,1.7.7
1,40,0.19999999999999857,20.0,150,5.0,-1.3375800683037065,-1.3232024547879897,0.03626061763418227,-0.036260617634139264,0.06,identity,1.7.7
1,40,0.19999999999999857,20.0,151,5.100000000000001,-1.3176379665859541,-1.3026876940758831,0.03626061763418227,-0.036260617634139264,0.06,identity,1.7.7
1,40,0.19999999999999857,20.0,152,5.200000000000001,-1.2969167332707328,-1.2814390547124086,0.03626061763418227,-0.036260617634139264,0.06,identity,1.7.7
1,40,0.19999999999999857,20.0,153,5.300000000000001,-1.2754782733166283,-1.2595160178571,0.03626061763418227,-0.036260617634139264,0.06,identity,1.7.7
1,40,0.19999999999999857,20.0,154,5.4,-1.2533811405046769,-1.2369747090376773,0.03626061763418227,-0.036260617634139264,0.06,identity,1.7.7
1,40,0.19999999999999857,20.0,155,5.5,-1.2306805358578483,-1.2138679154181966,0.03626061763418227,-0.036260617634139264,0.06,identity,1.7.7
1,40,0.19999999999999857,20.0,156,5.600000000000001,-1.207428331658979,-1.190245126635645,0.03626061763418227,-0.036260617634139264,0.06,identity,1.7.7
1,40,0.19999999999999857,20.0,157,5.700000000000001,-1.1836731182589564,-1.1661525964116306,0.03626061763418227,-0.036260617634139264,0.06,identity,1.7.7
1,40,0.19999999999999857,20.0,158,5.800000000000001,-1.1594602708935782,-1.141633422197572,0.03626061763418227,-0.036260617634139264,0.06,identity,1.7.7
1,40,0.19999999999999857,20.0,159,5.9,-1.134832033788209,-1.1167276401944535,0.03626061763418227,-0.036260617634139264,0.06,identity,1.7.7
1,40,0.19999999999999857,20.0,160,6.0,-1.1098276189197467,-1.0914723331973095,0.03626061763418227,-0.036260617634139264,0.06,identity,1.7.7
1,40,0.19999999999999857,20.0,161,6.100000000000001,-1.0844833169209713,-1.0659017488456668,0.03626061763418227,-0.036260617634139264,0.06,identity,1.7.7
1,40,0.19999999999999857,20.0,162,6.199999999999999,-1.0588326177486553,-1.0400474260098427,0.03626061763418227,-0.036260617634139264,0.06,identity,1.7.7
1,40,0.19999999999999857,20.0,163,6.300000000000001,-1.032906338889541,-1.0139383272051108,0.03626061763418227,-0.036260617634139264,0.06,identity,1.7.7
1,40,0.19999999999999857,20.0,164,6.400000000000002,-1.0067327590433464,-0.9876009750973268,0.03626061763418227,-0.036260617634139264,0.06,identity,1.7.7
1,40,0.19999999999999857,20.0,165,6.5,-0.9803377553954356,-0.9610595913410444,0.03626061763418227,-0.036260617634139264,0.06,identity,1.7.7
1,40,0.19999999999999857,20.0,166,6.600000000000001,-0.9537449427701534,-0.934336236171046,0.03626061763418227,-0.036260617634139264,0.06,identity,1.7.7
1,40,0.19999999999999857,20.0,167,6.699999999999999,-0.9269758131358155,-0.9074509473476379,0.03626061763418227,-0.036260617634139264,0.06,identity,1.7.7
1,40,0.19999999999999857,20.0,168,6.800000000000001,-0.900049874111051,-0.8804218772323225,0.03626061763418227,-0.036260617634139264,0.06,identity,1.7.7
1,40,0.19999999999999857,20.0,169,6.900000000000002,-0.8729847852971353,-0.8532654269413414,0.03626061763418227,-0.036260617634139264,0.06,identity,1.7.7
1,40,0.19999999999999857,20.0,170,7.0,-0.8457964914299,-0.8259963766881762,0.03626061763418227,-0.036260617634139264,0.06,identity,1.7.7
1,40,0.19999999999999857,20.0,171,7.100000000000001,-0.8184993515059662,-0.7986280115808675,0.03626061763418227,-0.036260617634139264,0.06,identity,1.7.7
1,40,0.19999999999999857,20.0,172,7.199999999999999,-0.7911062631897573,-0.771172242284911,0.03626061763418227,-0.036260617634139264,0.06,identity,1.7.7
1,40,0.19999999999999857,20.0,173,7.300000000000001,-0.7636287819480503,-0.7436397200970699,0.03626061763418227,-0.036260617634139264,0.06,identity,1.7.7
1,40,0.19999999999999857,20.0,174,7.400000000000002,-0.7360772344837622,-0.716039946101029,0.03626061763418227,-0.036260617634139264,0.06,identity,1.7.7
1,40,0.19999999999999857,20.0,175,7.5,-0.7084608261390026,-0.6883813741985831,0.03626061763418227,-0.036260617634139264,0.06,identity,1.7.7
1,40,0.19999999999999857,20.0,176,7.600000000000001,-0.6807877419760835,-0.6606715079506803,0.03626061763418227,-0.036260617634139264,0.06,identity,1.7.7
1,40,0.19999999999999857,20.0,177,7.699999999999999,-0.653065241133904,-0.6329169913805957,0.03626061763418227,-0.036260617634139264,0.06,identity,1.7.7
1,40,0.19999999999999857,20.0,178,7.800000000000001,-0.625299743573137,-0.6051236943403878,0.03626061763418227,-0.036260617634139264,0.06,identity,1.7.7
1,40,0.19999999999999857,20.0,179,7.900000000000002,-0.597496906976822,-0.5772967940764765,0.03626061763418227,-0.036260617634139264,0.06,identity,1.7.7
1,40,0.19999999999999857,20.0,180,8.0,-0.5696616884162384,-0.5494408569781744,0.03626061763418227,-0.036260617634139264,0.06,identity,1.7.7
1,40,0.19999999999999857,20.0,181,8.100000000000001,-0.5417983788642305,-0.5215599294499647,0.03626061763418227,-0.036260617634139264,0.06,identity,1.7.7
1,40,0.19999999999999857,20.0,182,8.2,-0.5139105866910373,-0.4936576563337173,0.03626061763418227,-0.036260617634139264,0.06,identity,1.7.7
1,40,0.19999999999999857,20.0,183,8.3,-0.4860011272474176,-0.46573746141340355,0.03626061763418227,-0.036260617634139264,0.06,identity,1.7.7
1,40,0.19999999999999857,20.0,184,8.400000000000002,-0.4580717504121564,-0.43780284802183617,0.03626061763418227,-0.036260617634139264,0.06,identity,1.7.7
1,40,0.19999999999999857,20.0,185,8.5,-0.43012261361632226,-0.40985790505219605,0.03626061763418227,-0.036260617634139264,0.06,identity,1.7.7
1,40,0.19999999999999857,20.0,186,8.600000000000001,-0.4021514016383513,-0.38190812262982865,0.03626061763418227,-0.036260617634139264,0.06,identity,1.7.7
1,40,0.19999999999999857,20.0,187,8.7,-0.37415203533347713,-0.3539616082617691,0.03626061763418227,-0.036260617634139264,0.06,identity,1.7.7
1,40,0.19999999999999857,20.0,188,8.8,-0.34611303401000504,-0.32603071401118533,0.03626061763418227,-0.036260617634139264,0.06,identity,1.7.7
1,40,0.19999999999999857,20.0,189,8.900000000000002,-0.31801582291066616,-0.2981339049569813,0.03626061763418227,-0.036260617634139264,0.06,identity,1.7.7
1,40,0.19999999999999857,20.0,190,9.0,-0.2898335901610379,-0.2702974112318879,0.03626061763418227,-0.036260617634139264,0.06,identity,1.7.7
1,40,0.19999999999999857,20.0,191,9.100000000000001,-0.2615316098488016,-0.24255585966107196,0.03626061763418227,-0.036260617634139264,0.06,identity,1.7.7
1,40,0.19999999999999857,20.0,192,9.200000000000003,-0.2330700978443017,-0.21495080482653148,0.03626061763418227,-0.036260617634139264,0.06,identity,1.7.7
1,40,0.19999999999999857,20.0,193,9.3,-0.20441045672745012,-0.18752606831659593,0.03626061763418227,-0.036260617634139264,0.06,identity,1.7.7
1,40,0.19999999999999857,20.0,194,9.400000000000002,-0.17552505314742614,-0.16031924510632684,0.03626061763418227,-0.036260617634139264,0.06,identity,1.7.7
1,40,0.19999999999999857,20.0,195,9.5,-0.14640948497596837,-0.13334973224044705,0.03626061763418227,-0.036260617634139264,0.06,identity,1.7.7
1,40,0.19999999999999857,20.0,196,9.600000000000001,-0.11709492011957719,-0.10660503630056518,0.03626061763418227,-0.036260617634139264,0.06,identity,1.7.7
1,40,0.19999999999999857,20.0,197,9.700000000000003,-0.08765703371283638,-0.08002851250137631,0.03626061763418227,-0.036260617634139264,0.06,identity,1.7.7
1,40,0.19999999999999857,20.0,198,9.8,-0.058217902547223914,-0.05351249154849341,0.03626061763418227,-0.036260617634139264,0.06,identity,1.7.7
1,40,0.19999999999999857,20.0,199,9.900000000000002,-0.028938292114564005,-0.026900422956742467,0.03626061763418227,-0.036260617634139264,0.06,identity,1.7.7
1,40,0.19999999999999857,20.0,200,10.0,0.0,0.0,0.03626061763418227,-0.036260617634139264,0.06,identity,1.7.7
2,160,0.7999999999999943,80.0,0,-10.0,0.0,0.0,0.008020731504017794,-0.008020731503971867,0.06,identity,1.7.7
2,160,0.7999999999999943,80.0,1,-9.9,0.028364700237588757,0.027632888147464393,0.008020731504017794,-0.008020731503971867,0.06,identity,1.7.7
2,160,0.7999999999999943,80.0,2,-9.8,0.056615707565947845,0.0553763050524091,0.008020731504017794,-0.008020731503971867,0.06,identity,1.7.7
2,160,0.7999999999999943,80.0,3,-9.7,0.08475908221698251,0.08322614322345892,0.008020731504017794,-0.008020731503971867,0.06,identity,1.7.7
2,160,0.7999999999999943,80.0,4,-9.6,0.11280476286420424,0.11117411974596479,0.008020731504017794,-0.008020731503971867,0.06,identity,1.7.7
2,160,0.7999999999999943,80.0,5,-9.5,0.14076546730542677,0.13920870090358334,0.008020731504017794,-0.008020731503971867,0.06,identity,1.7.7
2,160,0.7999999999999943,80.0,6,-9.4,0.16865557783164833,0.16731609038841255,0.008020731504017794,-0.008020731503971867,0.06,identity,1.7.7
2,160,0.7999999999999943,80.0,7,-9.3,0.19649008758399944,0.19548120863090496,0.008020731504017794,-0.008020731503971867,0.06,identity,1.7.7
2,160,0.7999999999999943,80.0,8,-9.2,0.22428366883998677,0.22368859998550578,0.008020731504017794,-0.008020731503971867,0.06,identity,1.7.7
2,160,0.7999999999999943,80.0,9,-9.1,0.2520499058836078,0.25192321769937465,0.008020731504017794,-0.008020731503971867,0.06,identity,1.7.7
2,160,0.7999999999999943,80.0,10,-9.0,0.2798007159442467,0.2801710521612272,0.008020731504017794,-0.008020731503971867,0.06,identity,1.7.7
2,160,0.7999999999999943,80.0,11,-8.9,0.30754596349897173,0.3084195842029108,0.008020731504017794,-0.008020731503971867,0.06,identity,1.7.7
2,160,0.7999999999999943,80.0,12,-8.8,0.3352932575267595,0.33665806065874215,0.008020731504017794,-0.008020731503971867,0.06,identity,1.7.7
2,160,0.7999999999999943,80.0,13,-8.7,0.3630479091154656,0.3648776027051267,0.008020731504017794,-0.008020731503971867,0.06,identity,1.7.7
2,160,0.7999999999999943,80.0,14,-8.6,0.39081301867384405,0.3930711678152745,0.008020731504017794,-0.008020731503971867,0.06,identity,1.7.7
2,160,0.7999999999999943,80.0,15,-8.5,0.4185896579225896,0.4212333930083138,0.008020731504017794,-0.008020731503971867,0.06,identity,1.7.7
2,160,0.7999999999999943,80.0,16,-8.4,0.44637711144890835,0.449360350403199,0.008020731504017794,-0.008020731503971867,0.06,identity,1.7.7
2,160,0.7999999999999943,80.0,17,-8.3,0.47417314522812026,0.4774492462181174,0.008020731504017794,-0.008020731503971867,0.06,identity,1.7.7
2,160,0.7999999999999943,80.0,18,-8.2,0.5019742742927457,0.5054980918640425,0.008020731504017794,-0.008020731503971867,0.06,identity,1.7.7
2,160,0.7999999999999943,80.0,19,-8.1,0.5297760077692159,0.5335053714018422,0.008020731504017794,-0.008020731503971867,0.06,identity,1.7.7
2,160,0.7999999999999943,80.0,20,-8.0,0.5575730559715775,0.561469724148999,0.008020731504017794,-0.008020731503971867,0.06,identity,1.7.7
2,160,0.7999999999999943,80.0,21,-7.9,0.585359490447161,0.5893896553707751,0.008020731504017794,-0.008020731503971867,0.06,identity,1.7.7
2,160,0.7999999999999943,80.0,22,-7.8,0.6131288533030458,0.6172632823900047,0.008020731504017794,-0.008020731503971867,0.06,identity,1.7.7
2,160,0.7999999999999943,80.0,23,-7.699999999999999,0.6408742164947276,0.6450881185575583,0.008020731504017794,-0.008020731503971867,0.06,identity,1.7.7
2,160,0.7999999999999943,80.0,24,-7.6,0.6685881949055017,0.6728608936247648,0.008020731504017794,-0.008020731503971867,0.06,identity,1.7.7
2,160,0.7999999999999943,80.0,25,-7.5,0.69626291901624,0.7005774062667167,0.008020731504017794,-0.008020731503971867,0.06,identity,1.7.7
2,160,0.7999999999999943,80.0,26,-7.4,0.7238899739013812,0.7282324027995573,0.008020731504017794,-0.008020731503971867,0.06,identity,1.7.7
2,160,0.7999999999999943,80.0,27,-7.3,0.7514603113960305,0.7558194753914503,0.008020731504017794,-0.008020731503971867,0.06,identity,1.7.7
2,160,0.7999999999999943,80.0,28,-7.199999999999999,0.7789641417952025,0.7833309730995334,0.008020731504017794,-0.008020731503971867,0.06,identity,1.7.7
2,160,0.7999999999999943,80.0,29,-7.1,0.8063908105970691,0.8107579196617072,0.008020731504017794,-0.008020731503971867,0.06,identity,1.7.7
2,160,0.7999999999999943,80.0,30,-7.0,0.833728664785846,0.8380899329251275,0.008020731504017794,-0.008020731503971867,0.06,identity,1.7.7
2,160,0.7999999999999943,80.0,31,-6.9,0.8609649121226961,0.8653151419209707,0.008020731504017794,-0.008020731503971867,0.06,identity,1.7.7
2,160,0.7999999999999943,80.0,32,-6.8,0.8880854759844915,0.8924200987536184,0.008020731504017794,-0.008020731503971867,0.06,identity,1.7.7
2,160,0.7999999999999943,80.0,33,-6.699999999999999,0.91507484752639,0.9193896835601086,0.008020731504017794,-0.008020731503971867,0.06,identity,1.7.7
2,160,0.7999999999999943,80.0,34,-6.6,0.9419159363739011,0.9462070017508186,0.008020731504017794,-0.008020731503971867,0.06,identity,1.7.7
2,160,0.7999999999999943,80.0,35,-6.5,0.968589920674335,0.9728532735370956,0.008020731504017794,-0.008020731503971867,0.06,identity,1.7.7
2,160,0.7999999999999943,80.0,36,-6.4,0.9950760971382167,0.9993077163839088,0.008020731504017794,-0.008020731503971867,0.06,identity,1.7.7
2,160,0.7999999999999943,80.0,37,-6.3,1.0213517316497491,1.025547421510736,0.008020731504017794,-0.008020731503971867,0.06,identity,1.7.7
2,160,0.7999999999999943,80.0,38,-6.199999999999999,1.047391911088994,1.0515472259265148,0.008020731504017794,-0.008020731503971867,0.06,identity,1.7.7
2,160,0.7999999999999943,80.0,39,-6.1,1.0731693971550136,1.0772795817525151,0.008020731504017794,-0.008020731503971867,0.06,identity,1.7.7
2,160,0.7999999999999943,80.0,40,-6.0,1.0986544831801743,1.102714424787197,0.008020731504017794,-0.008020731503971867,0.06,identity,1.7.7
2,160,0.7999999999999943,80.0,41,-5.8999999999999995,1.1238148551574871,1.1278190444222655,0.008020731504017794,-0.008020731503971867,0.06,identity,1.7.7
2,160,0.7999999999999943,80.0,42,-5.8,1.1486154584466417,1.1525579571467386,0.008020731504017794,-0.008020731503971867,0.06,identity,1.7.7
2,160,0.7999999999999943,80.0,43,-5.7,1.1730183718664626,1.1768927859877762,0.008020731504017794,-0.008020731503971867,0.06,identity,1.7.7
2,160,0.7999999999999943,80.0,44,-5.6,1.1969826911118213,1.2007821483401218,0.008020731504017794,-0.008020731503971867,0.06,identity,1.7.7
2,160,0.7999999999999943,80.0,45,-5.5,1.2204644236444115,1.2241815547327302,0.008020731504017794,-0.008020731503971867,0.06,identity,1.7.7
2,160,0.7999999999999943,80.0,46,-5.3999999999999995,1.243416397394077,1.2470433211707599,0.008020731504017794,-0.008020731503971867,0.06,identity,1.7.7
2,160,0.7999999999999943,80.0,47,-5.3,1.2657881857665483,1.269316497770401,0.008020731504017794,-0.008020731503971867,0.06,identity,1.7.7
2,160,0.7999999999999943,80.0,48,-5.199999999999999,1.2875260515811544,1.2909468164683715,0.008020731504017794,-0.008020731503971867,0.06,identity,1.7.7
2,160,0.7999999999999943,80.0,49,-5.1,1.308572912655222,1.3118766606318366,0.008020731504017794,-0.008020731503971867,0.06,identity,1.7.7
2,160,0.7999999999999943,80.0,50,-5.0,1.3288683318073862,1.3320450594122266,0.008020731504017794,-0.008020731503971867,0.06,identity,1.7.7
2,160,0.7999999999999943,80.0,51,-4.8999999999999995,1.348348534066871,1.3513877096721791,0.008020731504017794,-0.008020731503971867,0.06,identity,1.7.7
2,160,0.7999999999999943,80.0,52,-4.8,1.366946453846827,1.3698370282632526,0.008020731504017794,-0.008020731503971867,0.06,identity,1.7.7
2,160,0.7999999999999943,80.0,53,-4.699999999999999,1.384591814764071,1.3873222373382572,0.008020731504017794,-0.008020731503971867,0.06,identity,1.7.7
2,160,0.7999999999999943,80.0,54,-4.6,1.401211244662276,1.4037694852418108,0.008020731504017794,-0.008020731503971867,0.06,identity,1.7.7
2,160,0.7999999999999943,80.0,55,-4.5,1.416728428218378,1.4191020053325931,0.008020731504017794,-0.008020731503971867,0.06,identity,1.7.7
2,160,0.7999999999999943,80.0,56,-4.3999999999999995,1.4310642992808202,1.4332403148481452,0.008020731504017794,-0.008020731503971867,0.06,identity,1.7.7
2,160,0.7999999999999943,80.0,57,-4.3,1.4441372748019992,1.4461024556262496,0.008020731504017794,-0.008020731503971867,0.06,identity,1.7.7
2,160,0.7999999999999943,80.0,58,-4.199999999999999,1.4558635318854862,1.457604278145269,0.008020731504017794,-0.008020731503971867,0.06,identity,1.7.7
2,160,0.7999999999999943,80.0,59,-4.1,1.4661573290717638,1.467659769939728,0.008020731504017794,-0.008020731503971867,0.06,identity,1.7.7
2,160,0.7999999999999943,80.0,60,-4.0,1.4749313725358855,1.4761814289884005,0.008020731504017794,-0.008020731503971867,0.06,identity,1.7.7
2,160,0.7999999999999943,80.0,61,-3.8999999999999995,1.4820972273692532,1.483080682162975,0.008020731504017794,-0.008020731503971867,0.06,identity,1.7.7
2,160,0.7999999999999943,80.0,62,-3.8,1.4875657735694403,1.48826834826991,0.008020731504017794,-0.008020731503971867,0.06,identity,1.7.7
2,160,0.7999999999999943,80.0,63,-3.6999999999999993,1.4912477057717008,1.4916551446216038,0.008020731504017794,-0.008020731503971867,0.06,identity,1.7.7
2,160,0.7999999999999943,80.0,64,-3.5999999999999996,1.4930540751297054,1.493152235441792,0.008020731504017794,-0.008020731503971867,0.06,identity,1.7.7
2,160,0.7999999999999943,80.0,65,-3.5,1.492896871098575,1.4926718197518598,0.008020731504017794,-0.008020731503971867,0.06,identity,1.7.7
2,160,0.7999999999999943,80.0,66,-3.3999999999999995,1.490689640199014,1.490127755708172,0.008020731504017794,-0.008020731503971867,0.06,identity,1.7.7
2,160,0.7999999999999943,80.0,67,-3.3,1.4863481381568646,1.4854362176753697,0.008020731504017794,-0.008020731503971867,0.06,identity,1.7.7
2,160,0.7999999999999943,80.0,68,-3.1999999999999993,1.4797910111283124,1.4785163816375704,0.008020731504017794,-0.008020731503971867,0.06,identity,1.7.7
2,160,0.7999999999999943,80.0,69,-3.0999999999999996,1.4709405010485679,1.4692911338799641,0.008020731504017794,-0.008020731503971867,0.06,identity,1.7.7
2,160,0.7999999999999943,80.0,70,-3.0,1.4597231694931436,1.457687797229515,0.008020731504017794,-0.008020731503971867,0.06,identity,1.7.7
2,160,0.7999999999999943,80.0,71,-2.8999999999999995,1.4460706338281901,1.4436388685377055,0.008020731504017794,-0.008020731503971867,0.06,identity,1.7.7
2,160,0.7999999999999943,80.0,72,-2.8,1.4299203088623311,1.427082760533178,0.008020731504017794,-0.008020731503971867,0.06,identity,1.7.7
2,160,0.7999999999999943,80.0,73,-2.6999999999999993,1.4112161467095616,1.4079645406801329,0.008020731504017794,-0.008020731503971867,0.06,identity,1.7.7
2,160,0.7999999999999943,80.0,74,-2.5999999999999996,1.3899093671432414,1.3862366592615967,0.008020731504017794,-0.008020731503971867,0.06,identity,1.7.7
2,160,0.7999999999999943,80.0,75,-2.5,1.3659591703766172,1.3618596585766463,0.008020731504017794,-0.008020731503971867,0.06,identity,1.7.7
2,160,0.7999999999999943,80.0,76,-2.3999999999999995,1.3393334239564239,1.3348028549079836,0.008020731504017794,-0.008020731503971867,0.06,identity,1.7.7
2,160,0.7999999999999943,80.0,77,-2.3,1.3100093153125,1.3050449847902215,0.008020731504017794,-0.008020731503971867,0.06,identity,1.7.7
2,160,0.7999999999999943,80.0,78,-2.1999999999999993,1.2779739614762646,1.2725748070979228,0.008020731504017794,-0.008020731503971867,0.06,identity,1.7.7
2,160,0.7999999999999943,80.0,79,-2.0999999999999996,1.2432249675708564,1.2373916525820337,0.008020731504017794,-0.008020731503971867,0.06,identity,1.7.7
2,160,0.7999999999999943,80.0,80,-2.0,1.2057709258904692,1.1995059127182839,0.008020731504017794,-0.008020731503971867,0.06,identity,1.7.7
2,160,0.7999999999999943,80.0,81,-1.9000000000000004,1.1656318477285443,1.1589394600936729,0.008020731504017794,-0.008020731503971867,0.06,identity,1.7.7
2,160,0.7999999999999943,80.0,82,-1.799999999999999,1.1228395205844122,1.115725993047394,0.008020731504017794,-0.008020731503971867,0.06,identity,1.7.7
2,160,0.7999999999999943,80.0,83,-1.6999999999999993,1.0774377839738345,1.0699112978981518,0.008020731504017794,-0.008020731503971867,0.06,identity,1.7.7
2,160,0.7999999999999943,80.0,84,-1.5999999999999996,1.029482717786378,1.021553422826157,0.008020731504017794,-0.008020731503971867,0.06,identity,1.7.7
2,160,0.7999999999999943,80.0,85,-1.5,0.9790427379649244,0.9707227583280301,0.008020731504017794,-0.008020731503971867,0.06,identity,1.7.7
2,160,0.7999999999999943,80.0,86,-1.4000000000000004,0.926198595220847,0.9175020201169587,0.008020731504017794,-0.008020731503971867,0.06,identity,1.7.7
2,160,0.7999999999999943,80.0,87,-1.299999999999999,0.8710432735310696,0.8619861313870313,0.008020731504017794,-0.008020731503971867,0.06,identity,1.7.7
2,160,0.7999999999999943,80.0,88,-1.1999999999999993,0.813681786276923,0.8042820024859157,0.008020731504017794,-0.008020731503971867,0.06,identity,1.7.7
2,160,0.7999999999999943,80.0,89,-1.0999999999999996,0.7542308690639681,0.7445082072282305,0.008020731504017794,-0.008020731503971867,0.06,identity,1.7.7
2,160,0.7999999999999943,80.0,90,-1.0,0.69281856948969,0.6827945563157565,0.008020731504017794,-0.008020731503971867,0.06,identity,1.7.7
2,160,0.7999999999999943,80.0,91,-0.9000000000000004,0.6295837353836851,0.6192815695913527,0.008020731504017794,-0.008020731503971867,0.06,identity,1.7.7
2,160,0.7999999999999943,80.0,92,-0.7999999999999989,0.5646754043131241,0.5541198501214111,0.008020731504017794,-0.008020731503971867,0.06,identity,1.7.7
2,160,0.7999999999999943,80.0,93,-0.6999999999999993,0.49825209840463625,0.4874693643565928,0.008020731504017794,-0.008020731503971867,0.06,identity,1.7.7
2,160,0.7999999999999943,80.0,94,-0.5999999999999996,0.4304810297618201,0.4194986338419104,0.008020731504017794,-0.008020731503971867,0.06,identity,1.7.7
2,160,0.7999999999999943,80.0,95,-0.5,0.361537222934909,0.3503838451145901,0.008020731504017794,-0.008020731503971867,0.06,identity,1.7.7
2,160,0.7999999999999943,80.0,96,-0.3999999999999986,0.29160256200582935,0.2803078855218025,0.008020731504017794,-0.008020731503971867,0.06,identity,1.7.7
2,160,0.7999999999999943,80.0,97,-0.29999999999999893,0.22086477086902614,0.20945931369151846,0.008020731504017794,-0.008020731503971867,0.06,identity,1.7.7
2,160,0.7999999999999943,80.0,98,-0.1999999999999993,0.1495163361983745,0.13803127428105655,0.008020731504017794,-0.008020731503971867,0.06,identity,1.7.7
2,160,0.7999999999999943,80.0,99,-0.09999999999999964,0.07775338337732196,0.06622036739372457,0.008020731504017794,-0.008020731503971867,0.06,identity,1.7.7
2,160,0.7999999999999943,80.0,100,0.0,0.005774516319244452,-0.005774516319211389,0.008020731504017794,-0.008020731503971867,0.06,identity,1.7.7
2,160,0.7999999999999943,80.0,101,0.10000000000000142,-0.06622036739369151,-0.07775338337728893,0.008020731504017794,-0.008020731503971867,0.06,identity,1.7.7
2,160,0.7999999999999943,80.0,102,0.20000000000000107,-0.13803127428102355,-0.14951633619834154,0.008020731504017794,-0.008020731503971867,0.06,identity,1.7.7
2,160,0.7999999999999943,80.0,103,0.3000000000000007,-0.20945931369148552,-0.22086477086899325,0.008020731504017794,-0.008020731503971867,0.06,identity,1.7.7
2,160,0.7999999999999943,80.0,104,0.40000000000000036,-0.2803078855217697,-0.2916025620057965,0.008020731504017794,-0.008020731503971867,0.06,identity,1.7.7
2,160,0.7999999999999943,80.0,105,0.5,-0.35038384511455734,-0.3615372229348763,0.008020731504017794,-0.008020731503971867,0.06,identity,1.7.7
2,160,0.7999999999999943,80.0,106,0.6000000000000014,-0.4194986338418777,-0.4304810297617875,0.008020731504017794,-0.008020731503971867,0.06,identity,1.7.7
2,160,0.7999999999999943,80.0,107,0.7000000000000011,-0.4874693643565604,-0.4982520984046039,0.008020731504017794,-0.008020731503971867,0.06,identity,1.7.7
2,160,0.7999999999999943,80.0,108,0.8000000000000007,-0.5541198501213789,-0.5646754043130919,0.008020731504017794,-0.008020731503971867,0.06,identity,1.7.7
2,160,0.7999999999999943,80.0,109,0.9000000000000004,-0.6192815695913207,-0.6295837353836532,0.008020731504017794,-0.008020731503971867,0.06,identity,1.7.7
2,160,0.7999999999999943,80.0,110,1.0,-0.6827945563157248,-0.6928185694896583,0.008020731504017794,-0.008020731503971867,0.06,identity,1.7.7
2,160,0.7999999999999943,80.0,111,1.1000000000000014,-0.7445082072281992,-0.7542308690639368,0.008020731504017794,-0.008020731503971867,0.06,identity,1.7.7
2,160,0.7999999999999943,80.0,112,1.200000000000001,-0.8042820024858849,-0.8136817862768919,0.008020731504017794,-0.008020731503971867,0.06,identity,1.7.7
2,160,0.7999999999999943,80.0,113,1.3000000000000007,-0.8619861313870008,-0.8710432735310389,0.008020731504017794,-0.008020731503971867,0.06,identity,1.7.7
2,160,0.7999999999999943,80.0,114,1.4000000000000004,-0.9175020201169287,-0.9261985952208168,0.008020731504017794,-0.008020731503971867,0.06,identity,1.7.7
2,160,0.7999999999999943,80.0,115,1.5,-0.9707227583280006,-0.9790427379648946,0.008020731504017794,-0.008020731503971867,0.06,identity,1.7.7
2,160,0.7999999999999943,80.0,116,1.6000000000000014,-1.021553422826128,-1.0294827177863486,0.008020731504017794,-0.008020731503971867,0.06,identity,1.7.7
2,160,0.7999999999999943,80.0,117,1.700000000000001,-1.0699112978981231,-1.0774377839738056,0.008020731504017794,-0.008020731503971867,0.06,identity,1.7.7
2,160,0.7999999999999943,80.0,118,1.8000000000000007,-1.115725993047366,-1.1228395205843837,0.008020731504017794,-0.008020731503971867,0.06,identity,1.7.7
2,160,0.7999999999999943,80.0,119,1.9000000000000004,-1.1589394600936456,-1.1656318477285168,0.008020731504017794,-0.008020731503971867,0.06,identity,1.7.7
2,160,0.7999999999999943,80.0,120,2.0,-1.1995059127182568,-1.205770925890442,0.008020731504017794,-0.008020731503971867,0.06,identity,1.7.7
2,160,0.7999999999999943,80.0,121,2.1000000000000014,-1.2373916525820072,-1.24322496757083,0.008020731504017794,-0.008020731503971867,0.06,identity,1.7.7
2,160,0.7999999999999943,80.0,122,2.200000000000001,-1.2725748070978966,-1.2779739614762389,0.008020731504017794,-0.008020731503971867,0.06,identity,1.7.7
2,160,0.7999999999999943,80.0,123,2.3000000000000007,-1.3050449847901964,-1.310009315312475,0.008020731504017794,-0.008020731503971867,0.06,identity,1.7.7
2,160,0.7999999999999943,80.0,124,2.4000000000000004,-1.3348028549079591,-1.3393334239563994,0.008020731504017794,-0.008020731503971867,0.06,identity,1.7.7
2,160,0.7999999999999943,80.0,125,2.5,-1.3618596585766227,-1.3659591703765936,0.008020731504017794,-0.008020731503971867,0.06,identity,1.7.7
2,160,0.7999999999999943,80.0,126,2.6000000000000014,-1.386236659261574,-1.3899093671432186,0.008020731504017794,-0.008020731503971867,0.06,identity,1.7.7
2,160,0.7999999999999943,80.0,127,2.700000000000001,-1.4079645406801111,-1.4112161467095394,0.008020731504017794,-0.008020731503971867,0.06,identity,1.7.7
2,160,0.7999999999999943,80.0,128,2.8000000000000007,-1.427082760533157,-1.4299203088623094,0.008020731504017794,-0.008020731503971867,0.06,identity,1.7.7
2,160,0.7999999999999943,80.0,129,2.9000000000000004,-1.4436388685376855,-1.446070633828169,0.008020731504017794,-0.008020731503971867,0.06,identity,1.7.7
2,160,0.7999999999999943,80.0,130,3.0,-1.457687797229496,-1.4597231694931232,0.008020731504017794,-0.008020731503971867,0.06,identity,1.7.7
2,160,0.7999999999999943,80.0,131,3.1000000000000014,-1.4692911338799453,-1.4709405010485483,0.008020731504017794,-0.008020731503971867,0.06,identity,1.7.7
2,160,0.7999999999999943,80.0,132,3.200000000000001,-1.4785163816375517,-1.4797910111282935,0.008020731504017794,-0.008020731503971867,0.06,identity,1.7.7
2,160,0.7999999999999943,80.0,133,3.3000000000000007,-1.485436217675352,-1.4863481381568462,0.008020731504017794,-0.008020731503971867,0.06,identity,1.7.7
2,160,0.7999999999999943,80.0,134,3.4000000000000004,-1.490127755708155,-1.4906896401989962,0.008020731504017794,-0.008020731503971867,0.06,identity,1.7.7
2,160,0.7999999999999943,80.0,135,3.5,-1.4926718197518432,-1.4928968710985577,0.008020731504017794,-0.008020731503971867,0.06,identity,1.7.7
2,160,0.7999999999999943,80.0,136,3.6000000000000014,-1.493152235441776,-1.4930540751296886,0.008020731504017794,-0.008020731503971867,0.06,identity,1.7.7
2,160,0.7999999999999943,80.0,137,3.700000000000001,-1.4916551446215884,-1.4912477057716846,0.008020731504017794,-0.008020731503971867,0.06,identity,1.7.7
2,160,0.7999999999999943,80.0,138,3.8000000000000007,-1.4882683482698948,-1.4875657735694248,0.008020731504017794,-0.008020731503971867,0.06,identity,1.7.7
2,160,0.7999999999999943,80.0,139,3.9000000000000004,-1.4830806821629603,-1.482097227369238,0.008020731504017794,-0.008020731503971867,0.06,identity,1.7.7
2,160,0.7999999999999943,80.0,140,4.0,-1.4761814289883866,-1.4749313725358708,0.008020731504017794,-0.008020731503971867,0.06,identity,1.7.7
2,160,0.7999999999999943,80.0,141,4.100000000000001,-1.4676597699397143,-1.4661573290717496,0.008020731504017794,-0.008020731503971867,0.06,identity,1.7.7
2,160,0.7999999999999943,80.0,142,4.200000000000001,-1.4576042781452556,-1.4558635318854725,0.008020731504017794,-0.008020731503971867,0.06,identity,1.7.7
2,160,0.7999999999999943,80.0,143,4.300000000000001,-1.446102455626237,-1.4441372748019858,0.008020731504017794,-0.008020731503971867,0.06,identity,1.7.7
2,160,0.7999999999999943,80.0,144,4.4,-1.4332403148481332,-1.4310642992808071,0.008020731504017794,-0.008020731503971867,0.06,identity,1.7.7
2,160,0.7999999999999943,80.0,145,4.5,-1.4191020053325814,-1.4167284282183652,0.008020731504017794,-0.008020731503971867,0.06,identity,1.7.7
2,160,0.7999999999999943,80.0,146,4.600000000000001,-1.403769485241799,-1.4012112446622635,0.008020731504017794,-0.008020731503971867,0.06,identity,1.7.7
2,160,0.7999999999999943,80.0,147,4.700000000000001,-1.3873222373382461,-1.384591814764059,0.008020731504017794,-0.008020731503971867,0.06,identity,1.7.7
2,160,0.7999999999999943,80.0,148,4.800000000000001,-1.3698370282632415,-1.3669464538468155,0.008020731504017794,-0.008020731503971867,0.06,identity,1.7.7
2,160,0.7999999999999943,80.0,149,4.9,-1.3513877096721678,-1.34834853406686,0.008020731504017794,-0.008020731503971867,0.06,identity,1.7.7
2,160,0.7999999999999943,80.0,150,5.0,-1.3320450594122155,-1.3288683318073755,0.008020731504017794,-0.008020731503971867,0.06,identity,1.7.7
2,160,0.7999999999999943,80.0,151,5.100000000000001,-1.3118766606318257,-1.3085729126552113,0.008020731504017794,-0.008020731503971867,0.06,identity,1.7.7
2,160,0.7999999999999943,80.0,152,5.200000000000001,-1.290946816468361,-1.2875260515811437,0.008020731504017794,-0.008020731503971867,0.06,identity,1.7.7
2,160,0.7999999999999943,80.0,153,5.300000000000001,-1.2693164977703908,-1.2657881857665376,0.008020731504017794,-0.008020731503971867,0.06,identity,1.7.7
2,160,0.7999999999999943,80.0,154,5.4,-1.2470433211707497,-1.2434163973940666,0.008020731504017794,-0.008020731503971867,0.06,identity,1.7.7
2,160,0.7999999999999943,80.0,155,5.5,-1.22418155473272,-1.2204644236444013,0.008020731504017794,-0.008020731503971867,0.06,identity,1.7.7
2,160,0.7999999999999943,80.0,156,5.600000000000001,-1.2007821483401115,-1.1969826911118107,0.008020731504017794,-0.008020731503971867,0.06,identity,1.7.7
2,160,0.7999999999999943,80.0,157,5.700000000000001,-1.176892785987766,-1.1730183718664524,0.008020731504017794,-0.008020731503971867,0.06,identity,1.7.7
2,160,0.7999999999999943,80.0,158,5.800000000000001,-1.1525579571467284,-1.1486154584466315,0.008020731504017794,-0.008020731503971867,0.06,identity,1.7.7
2,160,0.7999999999999943,80.0,159,5.9,-1.1278190444222553,-1.1238148551574774,0.008020731504017794,-0.008020731503971867,0.06,identity,1.7.7
2,160,0.7999999999999943,80.0,160,6.0,-1.102714424787187,-1.0986544831801646,0.008020731504017794,-0.008020731503971867,0.06,identity,1.7.7
2,160,0.7999999999999943,80.0,161,6.100000000000001,-1.0772795817525052,-1.073169397155004,0.008020731504017794,-0.008020731503971867,0.06,identity,1.7.7
2,160,0.7999999999999943,80.0,162,6.199999999999999,-1.051547225926505,-1.0473919110889847,0.008020731504017794,-0.008020731503971867,0.06,identity,1.7.7
2,160,0.7999999999999943,80.0,163,6.300000000000001,-1.0255474215107263,-1.0213517316497398,0.008020731504017794,-0.008020731503971867,0.06,identity,1.7.7
2,160,0.7999999999999943,80.0,164,6.400000000000002,-0.999307716383899,-0.9950760971382074,0.008020731504017794,-0.008020731503971867,0.06,identity,1.7.7
2,160,0.7999999999999943,80.0,165,6.5,-0.972853273537086,-0.9685899206743258,0.008020731504017794,-0.008020731503971867,0.06,identity,1.7.7
2,160,0.7999999999999943,80.0,166,6.600000000000001,-0.9462070017508091,-0.941915936373892,0.008020731504017794,-0.008020731503971867,0.06,identity,1.7.7
2,160,0.7999999999999943,80.0,167,6.699999999999999,-0.9193896835600993,-0.9150748475263811,0.008020731504017794,-0.008020731503971867,0.06,identity,1.7.7
2,160,0.7999999999999943,80.0,168,6.800000000000001,-0.8924200987536092,-0.8880854759844827,0.008020731504017794,-0.008020731503971867,0.06,identity,1.7.7
2,160,0.7999999999999943,80.0,169,6.900000000000002,-0.8653151419209616,-0.8609649121226874,0.008020731504017794,-0.008020731503971867,0.06,identity,1.7.7
2,160,0.7999999999999943,80.0,170,7.0,-0.8380899329251186,-0.8337286647858374,0.008020731504017794,-0.008020731503971867,0.06,identity,1.7.7
2,160,0.7999999999999943,80.0,171,7.100000000000001,-0.8107579196616982,-0.8063908105970606,0.008020731504017794,-0.008020731503971867,0.06,identity,1.7.7
2,160,0.7999999999999943,80.0,172,7.199999999999999,-0.7833309730995246,-0.7789641417951941,0.008020731504017794,-0.008020731503971867,0.06,identity,1.7.7
2,160,0.7999999999999943,80.0,173,7.300000000000001,-0.7558194753914417,-0.7514603113960223,0.008020731504017794,-0.008020731503971867,0.06,identity,1.7.7
2,160,0.7999999999999943,80.0,174,7.400000000000002,-0.7282324027995486,-0.723889973901373,0.008020731504017794,-0.008020731503971867,0.06,identity,1.7.7
2,160,0.7999999999999943,80.0,175,7.5,-0.7005774062667083,-0.696262919016232,0.008020731504017794,-0.008020731503971867,0.06,identity,1.7.7
2,160,0.7999999999999943,80.0,176,7.600000000000001,-0.6728608936247565,-0.6685881949054938,0.008020731504017794,-0.008020731503971867,0.06,identity,1.7.7
2,160,0.7999999999999943,80.0,177,7.699999999999999,-0.6450881185575503,-0.6408742164947201,0.008020731504017794,-0.008020731503971867,0.06,identity,1.7.7
2,160,0.7999999999999943,80.0,178,7.800000000000001,-0.617263282389997,-0.6131288533030382,0.008020731504017794,-0.008020731503971867,0.06,identity,1.7.7
2,160,0.7999999999999943,80.0,179,7.900000000000002,-0.5893896553707676,-0.5853594904471534,0.008020731504017794,-0.008020731503971867,0.06,identity,1.7.7
2,160,0.7999999999999943,80.0,180,8.0,-0.5614697241489917,-0.5575730559715703,0.008020731504017794,-0.008020731503971867,0.06,identity,1.7.7
2,160,0.7999999999999943,80.0,181,8.100000000000001,-0.5335053714018351,-0.5297760077692089,0.008020731504017794,-0.008020731503971867,0.06,identity,1.7.7
2,160,0.7999999999999943,80.0,182,8.2,-0.5054980918640356,-0.5019742742927388,0.008020731504017794,-0.008020731503971867,0.06,identity,1.7.7
2,160,0.7999999999999943,80.0,183,8.3,-0.47744924621811075,-0.4741731452281136,0.008020731504017794,-0.008020731503971867,0.06,identity,1.7.7
2,160,0.7999999999999943,80.0,184,8.400000000000002,-0.44936035040319267,-0.4463771114489019,0.008020731504017794,-0.008020731503971867,0.06,identity,1.7.7
2,160,0.7999999999999943,80.0,185,8.5,-0.4212333930083077,-0.4185896579225834,0.008020731504017794,-0.008020731503971867,0.06,identity,1.7.7
2,160,0.7999999999999943,80.0,186,8.600000000000001,-0.39307116781526863,-0.3908130186738381,0.008020731504017794,-0.008020731503971867,0.06,identity,1.7.7
2,160,0.7999999999999943,80.0,187,8.7,-0.36487760270512104,-0.36304790911546,0.008020731504017794,-0.008020731503971867,0.06,identity,1.7.7
2,160,0.7999999999999943,80.0,188,8.8,-0.3366580606587368,-0.33529325752675415,0.008020731504017794,-0.008020731503971867,0.06,identity,1.7.7
2,160,0.7999999999999943,80.0,189,8.900000000000002,-0.3084195842029058,-0.30754596349896673,0.008020731504017794,-0.008020731503971867,0.06,identity,1.7.7
2,160,0.7999999999999943,80.0,190,9.0,-0.2801710521612225,-0.2798007159442421,0.008020731504017794,-0.008020731503971867,0.06,identity,1.7.7
2,160,0.7999999999999943,80.0,191,9.100000000000001,-0.2519232176993703,-0.25204990588360354,0.008020731504017794,-0.008020731503971867,0.06,identity,1.7.7
2,160,0.7999999999999943,80.0,192,9.200000000000003,-0.22368859998550183,-0.2242836688399829,0.008020731504017794,-0.008020731503971867,0.06,identity,1.7.7
2,160,0.7999999999999943,80.0,193,9.3,-0.19548120863090152,-0.196490087583996,0.008020731504017794,-0.008020731503971867,0.06,identity,1.7.7
2,160,0.7999999999999943,80.0,194,9.400000000000002,-0.16731609038840953,-0.1686555778316453,0.008020731504017794,-0.008020731503971867,0.06,identity,1.7.7
2,160,0.7999999999999943,80.0,195,9.5,-0.13920870090358078,-0.1407654673054242,0.008020731504017794,-0.008020731503971867,0.06,identity,1.7.7
2,160,0.7999999999999943,80.0,196,9.600000000000001,-0.11117411974596274,-0.11280476286420214,0.008020731504017794,-0.008020731503971867,0.06,identity,1.7.7
2,160,0.7999999999999943,80.0,197,9.700000000000003,-0.08322614322345737,-0.08475908221698092,0.008020731504017794,-0.008020731503971867,0.06,identity,1.7.7
2,160,0.7999999999999943,80.0,198,9.8,-0.05537630505240806,-0.05661570756594677,0.008020731504017794,-0.008020731503971867,0.06,identity,1.7.7
2,160,0.7999999999999943,80.0,199,9.900000000000002,-0.027632888147463872,-0.028364700237588216,0.008020731504017794,-0.008020731503971867,0.06,identity,1.7.7
2,160,0.7999999999999943,80.0,200,10.0,0.0,0.0,0.008020731504017794,-0.008020731503971867,0.06,identity,1.7.7
