measurement_domain,quantile_index,probability,fixed_standard_normal_quantile,empirical_standardized_return_quantile,sample_count,reference_status,software_version
operational,0,0.01,-2.3263478740408408,-1.7415769745010872,1744,fixed_standard_normal_not_fitted,1.8.3
operational,1,0.0296,-1.8867051099724252,-1.5863304294591736,1744,fixed_standard_normal_not_fitted,1.8.3
operational,2,0.0492,-1.6526603903079105,-1.4648168109602016,1744,fixed_standard_normal_not_fitted,1.8.3
operational,3,0.0688,-1.4847879686497152,-1.394102588985352,1744,fixed_standard_normal_not_fitted,1.8.3
operational,4,0.08839999999999999,-1.350673639581101,-1.302682748043031,1744,fixed_standard_normal_not_fitted,1.8.3
operational,5,0.108,-1.2372345991628273,-1.2242138288544044,1744,fixed_standard_normal_not_fitted,1.8.3
operational,6,0.1276,-1.1378095891304392,-1.1741656665782467,1744,fixed_standard_normal_not_fitted,1.8.3
operational,7,0.1472,-1.0485180294966427,-1.1230876648735117,1744,fixed_standard_normal_not_fitted,1.8.3
operational,8,0.1668,-0.9668880522656621,-1.0922753616579275,1744,fixed_standard_normal_not_fitted,1.8.3
operational,9,0.1864,-0.8912408008676285,-1.0610477520083599,1744,fixed_standard_normal_not_fitted,1.8.3
operational,10,0.20600000000000002,-0.8203791459684606,-1.014798836124579,1744,fixed_standard_normal_not_fitted,1.8.3
operational,11,0.2256,-0.7534159518148675,-0.9757705642458044,1744,fixed_standard_normal_not_fitted,1.8.3
operational,12,0.2452,-0.6896727596991077,-0.9289260983854856,1744,fixed_standard_normal_not_fitted,1.8.3
operational,13,0.2648,-0.6286167374378782,-0.8864614873427432,1744,fixed_standard_normal_not_fitted,1.8.3
operational,14,0.2844,-0.5698196890956568,-0.8482175977511511,1744,fixed_standard_normal_not_fitted,1.8.3
operational,15,0.304,-0.5129304106147282,-0.8028834074043957,1744,fixed_standard_normal_not_fitted,1.8.3
operational,16,0.3236,-0.4576554489294859,-0.7610161340784207,1744,fixed_standard_normal_not_fitted,1.8.3
operational,17,0.3432,-0.4037453329153643,-0.7168370632483211,1744,fixed_standard_normal_not_fitted,1.8.3
operational,18,0.3628,-0.3509844690820791,-0.6715455514176953,1744,fixed_standard_normal_not_fitted,1.8.3
operational,19,0.3824,-0.29918354998931324,-0.6256129664563711,1744,fixed_standard_normal_not_fitted,1.8.3
operational,20,0.402,-0.24817371845931258,-0.5668021359686313,1744,fixed_standard_normal_not_fitted,1.8.3
operational,21,0.4216,-0.1978019761213284,-0.4759673814499497,1744,fixed_standard_normal_not_fitted,1.8.3
operational,22,0.4412,-0.14792748112033569,-0.23586720739829242,1744,fixed_standard_normal_not_fitted,1.8.3
operational,23,0.4608,-0.09841848125872729,-0.08080853020060738,1744,fixed_standard_normal_not_fitted,1.8.3
operational,24,0.4804,-0.049149695440031595,-0.03807977649951101,1744,fixed_standard_normal_not_fitted,1.8.3
operational,25,0.5,0.0,1.0417014473240727e-15,1744,fixed_standard_normal_not_fitted,1.8.3
operational,26,0.5196,0.049149695440031456,0.03807977649951114,1744,fixed_standard_normal_not_fitted,1.8.3
operational,27,0.5392,0.09841848125872729,0.08080853020060895,1744,fixed_standard_normal_not_fitted,1.8.3
operational,28,0.5588,0.14792748112033555,0.235867207398278,1744,fixed_standard_normal_not_fitted,1.8.3
operational,29,0.5784,0.1978019761213284,0.47596738145019585,1744,fixed_standard_normal_not_fitted,1.8.3
operational,30,0.598,0.24817371845931258,0.5668021359681403,1744,fixed_standard_normal_not_fitted,1.8.3
operational,31,0.6176,0.2991835499893134,0.6256129664559433,1744,fixed_standard_normal_not_fitted,1.8.3
operational,32,0.6372,0.3509844690820791,0.6715455514178739,1744,fixed_standard_normal_not_fitted,1.8.3
operational,33,0.6567999999999999,0.40374533291536413,0.7168370632482073,1744,fixed_standard_normal_not_fitted,1.8.3
operational,34,0.6764,0.4576554489294859,0.7610161340789027,1744,fixed_standard_normal_not_fitted,1.8.3
operational,35,0.696,0.5129304106147282,0.8028834074042408,1744,fixed_standard_normal_not_fitted,1.8.3
operational,36,0.7156,0.5698196890956568,0.8482175977503202,1744,fixed_standard_normal_not_fitted,1.8.3
operational,37,0.7352,0.628616737437878,0.8864614873427359,1744,fixed_standard_normal_not_fitted,1.8.3
operational,38,0.7548,0.6896727596991077,0.9289260983856004,1744,fixed_standard_normal_not_fitted,1.8.3
operational,39,0.7744,0.7534159518148675,0.9757705642463531,1744,fixed_standard_normal_not_fitted,1.8.3
operational,40,0.794,0.8203791459684611,1.0147988361243538,1744,fixed_standard_normal_not_fitted,1.8.3
operational,41,0.8136,0.8912408008676285,1.0610477520077364,1744,fixed_standard_normal_not_fitted,1.8.3
operational,42,0.8331999999999999,0.9668880522656615,1.092275361657888,1744,fixed_standard_normal_not_fitted,1.8.3
operational,43,0.8528,1.0485180294966427,1.123087664873754,1744,fixed_standard_normal_not_fitted,1.8.3
operational,44,0.8724,1.137809589130439,1.1741656665786036,1744,fixed_standard_normal_not_fitted,1.8.3
operational,45,0.892,1.2372345991628273,1.2242138288552844,1744,fixed_standard_normal_not_fitted,1.8.3
operational,46,0.9116,1.3506736395811005,1.3026827480430734,1744,fixed_standard_normal_not_fitted,1.8.3
operational,47,0.9312,1.4847879686497156,1.3941025889852827,1744,fixed_standard_normal_not_fitted,1.8.3
operational,48,0.9508,1.65266039030791,1.464816810960243,1744,fixed_standard_normal_not_fitted,1.8.3
operational,49,0.9703999999999999,1.8867051099724241,1.5863304294595308,1744,fixed_standard_normal_not_fitted,1.8.3
operational,50,0.99,2.3263478740408408,1.7415769745013732,1744,fixed_standard_normal_not_fitted,1.8.3
calendar_previous_refresh,0,0.01,-2.3263478740408408,-3.158990243266905,1744,fixed_standard_normal_not_fitted,1.8.3
calendar_previous_refresh,1,0.0296,-1.8867051099724252,-2.2332548193381916,1744,fixed_standard_normal_not_fitted,1.8.3
calendar_previous_refresh,2,0.0492,-1.6526603903079105,-1.7967439738558373,1744,fixed_standard_normal_not_fitted,1.8.3
calendar_previous_refresh,3,0.0688,-1.4847879686497152,-1.4615076342940483,1744,fixed_standard_normal_not_fitted,1.8.3
calendar_previous_refresh,4,0.08839999999999999,-1.350673639581101,-1.1999042484075453,1744,fixed_standard_normal_not_fitted,1.8.3
calendar_previous_refresh,5,0.108,-1.2372345991628273,-0.9757292735728988,1744,fixed_standard_normal_not_fitted,1.8.3
calendar_previous_refresh,6,0.1276,-1.1378095891304392,-0.7864881224011787,1744,fixed_standard_normal_not_fitted,1.8.3
calendar_previous_refresh,7,0.1472,-1.0485180294966427,-0.5411732707468008,1744,fixed_standard_normal_not_fitted,1.8.3
calendar_previous_refresh,8,0.1668,-0.9668880522656621,-0.31251905103280314,1744,fixed_standard_normal_not_fitted,1.8.3
calendar_previous_refresh,9,0.1864,-0.8912408008676285,-0.16156951648223916,1744,fixed_standard_normal_not_fitted,1.8.3
calendar_previous_refresh,10,0.20600000000000002,-0.8203791459684606,-0.0650446654021725,1744,fixed_standard_normal_not_fitted,1.8.3
calendar_previous_refresh,11,0.2256,-0.7534159518148675,-6.178917937080395e-05,1744,fixed_standard_normal_not_fitted,1.8.3
calendar_previous_refresh,12,0.2452,-0.6896727596991077,-6.178917937080395e-05,1744,fixed_standard_normal_not_fitted,1.8.3
calendar_previous_refresh,13,0.2648,-0.6286167374378782,-6.178917937080395e-05,1744,fixed_standard_normal_not_fitted,1.8.3
calendar_previous_refresh,14,0.2844,-0.5698196890956568,-6.178917937080395e-05,1744,fixed_standard_normal_not_fitted,1.8.3
calendar_previous_refresh,15,0.304,-0.5129304106147282,-6.178917937080395e-05,1744,fixed_standard_normal_not_fitted,1.8.3
calendar_previous_refresh,16,0.3236,-0.4576554489294859,-6.178917937080395e-05,1744,fixed_standard_normal_not_fitted,1.8.3
calendar_previous_refresh,17,0.3432,-0.4037453329153643,-6.178917937080395e-05,1744,fixed_standard_normal_not_fitted,1.8.3
calendar_previous_refresh,18,0.3628,-0.3509844690820791,-6.178917937080395e-05,1744,fixed_standard_normal_not_fitted,1.8.3
calendar_previous_refresh,19,0.3824,-0.29918354998931324,-6.178917937080395e-05,1744,fixed_standard_normal_not_fitted,1.8.3
calendar_previous_refresh,20,0.402,-0.24817371845931258,-6.178917937080395e-05,1744,fixed_standard_normal_not_fitted,1.8.3
calendar_previous_refresh,21,0.4216,-0.1978019761213284,-6.178917937080395e-05,1744,fixed_standard_normal_not_fitted,1.8.3
calendar_previous_refresh,22,0.4412,-0.14792748112033569,-6.178917937080395e-05,1744,fixed_standard_normal_not_fitted,1.8.3
calendar_previous_refresh,23,0.4608,-0.09841848125872729,-6.178917937080395e-05,1744,fixed_standard_normal_not_fitted,1.8.3
calendar_previous_refresh,24,0.4804,-0.049149695440031595,-6.178917937080395e-05,1744,fixed_standard_normal_not_fitted,1.8.3
calendar_previous_refresh,25,0.5,0.0,-6.178917937080395e-05,1744,fixed_standard_normal_not_fitted,1.8.3
calendar_previous_refresh,26,0.5196,0.049149695440031456,-6.178917937080395e-05,1744,fixed_standard_normal_not_fitted,1.8.3
calendar_previous_refresh,27,0.5392,0.09841848125872729,-6.178917937080395e-05,1744,fixed_standard_normal_not_fitted,1.8.3
calendar_previous_refresh,28,0.5588,0.14792748112033555,-6.178917937080395e-05,1744,fixed_standard_normal_not_fitted,1.8.3
calendar_previous_refresh,29,0.5784,0.1978019761213284,-6.178917937080395e-05,1744,fixed_standard_normal_not_fitted,1.8.3
calendar_previous_refresh,30,0.598,0.24817371845931258,-6.178917937080395e-05,1744,fixed_standard_normal_not_fitted,1.8.3
calendar_previous_refresh,31,0.6176,0.2991835499893134,-6.178917937080395e-05,1744,fixed_standard_normal_not_fitted,1.8.3
calendar_previous_refresh,32,0.6372,0.3509844690820791,-6.178917937080395e-05,1744,fixed_standard_normal_not_fitted,1.8.3
calendar_previous_refresh,33,0.6567999999999999,0.40374533291536413,-6.178917937080395e-05,1744,fixed_standard_normal_not_fitted,1.8.3
calendar_previous_refresh,34,0.6764,0.4576554489294859,-6.178917937080395e-05,1744,fixed_standard_normal_not_fitted,1.8.3
calendar_previous_refresh,35,0.696,0.5129304106147282,-6.178917937080395e-05,1744,fixed_standard_normal_not_fitted,1.8.3
calendar_previous_refresh,36,0.7156,0.5698196890956568,-6.178917937080395e-05,1744,fixed_standard_normal_not_fitted,1.8.3
calendar_previous_refresh,37,0.7352,0.628616737437878,-6.178917937080395e-05,1744,fixed_standard_normal_not_fitted,1.8.3
calendar_previous_refresh,38,0.7548,0.6896727596991077,-6.178917937080395e-05,1744,fixed_standard_normal_not_fitted,1.8.3
calendar_previous_refresh,39,0.7744,0.7534159518148675,-6.178917937080395e-05,1744,fixed_standard_normal_not_fitted,1.8.3
calendar_previous_refresh,40,0.794,0.8203791459684611,0.015565827281909356,1744,fixed_standard_normal_not_fitted,1.8.3
calendar_previous_refresh,41,0.8136,0.8912408008676285,0.13172641209264385,1744,fixed_standard_normal_not_fitted,1.8.3
calendar_previous_refresh,42,0.8331999999999999,0.9668880522656615,0.2840885114217715,1744,fixed_standard_normal_not_fitted,1.8.3
calendar_previous_refresh,43,0.8528,1.0485180294966427,0.5112634561562142,1744,fixed_standard_normal_not_fitted,1.8.3
calendar_previous_refresh,44,0.8724,1.137809589130439,0.6811878769369017,1744,fixed_standard_normal_not_fitted,1.8.3
calendar_previous_refresh,45,0.892,1.2372345991628273,0.9558770817228402,1744,fixed_standard_normal_not_fitted,1.8.3
calendar_previous_refresh,46,0.9116,1.3506736395811005,1.2352979975416296,1744,fixed_standard_normal_not_fitted,1.8.3
calendar_previous_refresh,47,0.9312,1.4847879686497156,1.5170090736650637,1744,fixed_standard_normal_not_fitted,1.8.3
calendar_previous_refresh,48,0.9508,1.65266039030791,1.8636851776606802,1744,fixed_standard_normal_not_fitted,1.8.3
calendar_previous_refresh,49,0.9703999999999999,1.8867051099724241,2.3695886332676475,1744,fixed_standard_normal_not_fitted,1.8.3
calendar_previous_refresh,50,0.99,2.3263478740408408,2.880247841489141,1744,fixed_standard_normal_not_fitted,1.8.3
