event_id,path_index,book_index,same_book_event_index,operational_step,operational_time_seconds,event_type,quantity,filled_quantity,ground_truth_aggressor_sign,quote_midpoint_sign,legacy_tick_rule_sign,pre_event_mid_log_price,execution_log_price_proxy,affected_grid_indices,software_version
v183-p00-b1-e001,0,0,0,301,150.5,market_order,0.015,0.015,-1,-1,0,0.0011872131454636506,-0.15031778552719424,"[100, 99, 98]",1.8.3
v183-p00-b1-e002,0,0,1,321,160.5,market_order,0.015,0.015,-1,-1,-1,-0.016446729190449927,-0.16079502668218934,"[99, 98]",1.8.3
v183-p00-b1-e003,0,0,2,341,170.5,market_order,0.015,0.015,-1,-1,-1,-0.026378906180129585,-0.1657895636699604,"[99, 98]",1.8.3
v183-p00-b1-e004,0,0,3,361,180.5,market_order,0.015,0.015,1,1,1,-0.029254178762521524,0.11450355155143434,"[100, 101, 102]",1.8.3
v183-p00-b1-e005,0,0,4,381,190.5,market_order,0.015,0.015,1,1,1,0.013805172420127607,0.1605540515820706,"[101, 102]",1.8.3
v183-p00-b1-e006,0,0,5,401,200.5,market_order,0.015,0.015,1,1,1,0.0393845319546266,0.17237842419617733,"[101, 102]",1.8.3
v183-p00-b1-e007,0,0,6,421,210.5,market_order,0.015,0.015,1,1,1,0.061749087836311736,0.20125041256815598,"[101, 102, 103]",1.8.3
v183-p00-b1-e008,0,0,7,441,220.5,market_order,0.015,0.015,1,1,1,0.08274417022090828,0.23024004090870723,"[101, 102, 103]",1.8.3
v183-p00-b1-e009,0,0,8,461,230.5,market_order,0.015,0.015,1,1,1,0.10230281970139785,0.25497631161121387,"[102, 103]",1.8.3
v183-p00-b1-e010,0,0,9,481,240.5,market_order,0.015,0.015,-1,-1,-1,0.11979074528843826,-0.028691699000159047,"[101, 100, 99]",1.8.3
v183-p00-b1-e011,0,0,10,501,250.5,market_order,0.015,0.015,-1,-1,-1,0.08230379302505172,-0.06289213775188411,"[100, 99]",1.8.3
v183-p00-b1-e012,0,0,11,521,260.5,market_order,0.015,0.015,-1,-1,-1,0.04867579487899051,-0.08838445139097138,"[100, 99, 98]",1.8.3
v183-p00-b1-e013,0,0,12,541,270.5,market_order,0.015,0.015,-1,-1,-1,0.03198591063041668,-0.11080552424717892,"[100, 99, 98]",1.8.3
v183-p00-b1-e014,0,0,13,561,280.5,market_order,0.015,0.015,1,1,1,0.02902940600913804,0.16821212403265398,"[101, 102]",1.8.3
v183-p00-b1-e015,0,0,14,581,290.5,market_order,0.015,0.015,-1,-1,-1,0.06729710342433017,-0.06979036218128386,"[100, 99]",1.8.3
v183-p00-b1-e016,0,0,15,601,300.5,market_order,0.015,0.015,-1,-1,-1,0.04604049346283059,-0.09185333155743641,"[100, 99, 98]",1.8.3
v183-p00-b1-e017,0,0,16,621,310.5,market_order,0.015,0.015,-1,-1,-1,0.041481769204292814,-0.09768013804058097,"[100, 99, 98]",1.8.3
v183-p00-b1-e018,0,0,17,641,320.5,market_order,0.015,0.015,-1,-1,-1,0.03705079571449521,-0.10362749790189062,"[100, 99, 98]",1.8.3
v183-p00-b1-e019,0,0,18,661,330.5,market_order,0.015,0.015,1,1,1,0.029715087430209227,0.1685527787114921,"[101, 102]",1.8.3
v183-p00-b1-e020,0,0,19,681,340.5,market_order,0.015,0.015,1,1,1,0.05459578792001842,0.19365664121892825,"[101, 102, 103]",1.8.3
v183-p00-b1-e021,0,0,20,701,350.5,market_order,0.015,0.015,-1,-1,-1,0.06777902190118375,-0.06966341440800539,"[100, 99]",1.8.3
v183-p00-b1-e022,0,0,21,721,360.5,market_order,0.015,0.015,-1,-1,-1,0.03179569491791715,-0.1116994392938908,"[100, 99, 98]",1.8.3
v183-p00-b1-e023,0,0,22,741,370.5,market_order,0.015,0.015,-1,-1,-1,0.010463931464318477,-0.1403425501017326,"[100, 99, 98]",1.8.3
v183-p00-b1-e024,0,0,23,761,380.5,market_order,0.015,0.015,-1,-1,-1,-0.015711898343650707,-0.16177605122499358,"[99, 98]",1.8.3
v183-p00-b1-e025,0,0,24,781,390.5,market_order,0.015,0.015,-1,-1,-1,-0.029713750794488764,-0.16824821304795406,"[99, 98]",1.8.3
v183-p00-b1-e026,0,0,25,801,400.5,market_order,0.015,0.015,-1,-1,-1,-0.03823131903019038,-0.17213056566879642,"[99, 98]",1.8.3
v183-p00-b1-e027,0,0,26,821,410.5,market_order,0.015,0.015,-1,-1,-1,-0.04542096000966735,-0.17920556289542963,"[99, 98, 97]",1.8.3
v183-p00-b1-e028,0,0,27,841,420.5,market_order,0.015,0.015,1,1,1,-0.05628594348299023,0.08090137414401107,"[100, 101, 102]",1.8.3
v183-p00-b1-e029,0,0,28,861,430.5,market_order,0.015,0.015,-1,-1,-1,-0.02384826403996164,-0.16588383964755646,"[99, 98]",1.8.3
v183-p00-b1-e030,0,0,29,881,440.5,market_order,0.015,0.015,-1,-1,-1,-0.05265242129059828,-0.19025826335835822,"[99, 98, 97]",1.8.3
v183-p00-b1-e031,0,0,30,901,450.5,market_order,0.015,0.015,-1,-1,-1,-0.07140031687910786,-0.21552377094631464,"[99, 98, 97]",1.8.3
v183-p00-b1-e032,0,0,31,921,460.5,market_order,0.015,0.015,-1,-1,-1,-0.09321237961126379,-0.24509454142780215,"[99, 98, 97]",1.8.3
v183-p00-b1-e033,0,0,32,941,470.5,market_order,0.015,0.015,1,1,1,-0.10503490932228583,0.04920241947624064,"[99, 100, 101]",1.8.3
v183-p00-b1-e034,0,0,33,961,480.5,market_order,0.015,0.015,-1,-1,-1,-0.05826764495158767,-0.1995614415193773,"[99, 98, 97]",1.8.3
v183-p00-b1-e035,0,0,34,981,490.5,market_order,0.015,0.015,-1,-1,-1,-0.07498139697432518,-0.22095668000935142,"[99, 98, 97]",1.8.3
v183-p00-b1-e036,0,0,35,1001,500.5,market_order,0.015,0.015,-1,-1,-1,-0.07940772937281991,-0.22670861190973596,"[99, 98, 97]",1.8.3
v183-p00-b1-e037,0,0,36,1021,510.5,market_order,0.015,0.015,-1,-1,1,-0.07667783754253213,-0.22290499678849618,"[99, 98, 97]",1.8.3
v183-p00-b1-e038,0,0,37,1041,520.5,market_order,0.015,0.015,-1,-1,-1,-0.0781522362773088,-0.22483133131784352,"[99, 98, 97]",1.8.3
v183-p00-b1-e039,0,0,38,1061,530.5,market_order,0.015,0.015,-1,-1,1,-0.07061530656578227,-0.21451653432664336,"[99, 98, 97]",1.8.3
v183-p00-b1-e040,0,0,39,1081,540.5,market_order,0.015,0.015,1,1,1,-0.0663563349740394,0.07046549173599564,"[100, 101]",1.8.3
v183-p00-b1-e041,0,0,40,1101,550.5,market_order,0.015,0.015,-1,-1,-1,-0.027250862580385463,-0.16752785506309753,"[99, 98]",1.8.3
v183-p00-b1-e042,0,0,41,1121,560.5,market_order,0.015,0.015,1,1,1,-0.04162487523663709,0.10033015432857205,"[100, 101, 102]",1.8.3
v183-p00-b1-e043,0,0,42,1141,570.5,market_order,0.015,0.015,1,1,1,-0.009098454391353886,0.14300313362556621,"[100, 101, 102]",1.8.3
v183-p00-b1-e044,0,0,43,1161,580.5,market_order,0.015,0.015,1,1,1,0.013715901983802856,0.16132333282112563,"[101, 102]",1.8.3
v183-p00-b1-e045,0,0,44,1181,590.5,market_order,0.015,0.015,1,1,1,0.02760213698141825,0.16758976578477225,"[101, 102]",1.8.3
v183-p00-b1-e046,0,0,45,1201,600.5,market_order,0.015,0.015,1,1,1,0.039513323759617754,0.17294976766371595,"[101, 102]",1.8.3
v183-p00-b1-e047,0,0,46,1221,610.5,market_order,0.015,0.015,1,1,1,0.04805451732030326,0.1840262159984122,"[101, 102, 103]",1.8.3
v183-p00-b1-e048,0,0,47,1241,620.5,market_order,0.015,0.015,1,1,-1,0.043831352236633384,0.17798229997367418,"[101, 102, 103]",1.8.3
v183-p00-b2-e001,0,1,0,311,155.5,market_order,0.015,0.015,1,1,0,0.004838480420116218,0.1543444200003794,"[101, 102]",1.8.3
v183-p00-b2-e002,0,1,1,331,165.5,market_order,0.015,0.015,1,1,1,0.026601836730125065,0.16561810180340322,"[101, 102]",1.8.3
v183-p00-b2-e003,0,1,2,351,175.5,market_order,0.015,0.015,1,1,1,0.028923436589513345,0.1669516350132055,"[101, 102]",1.8.3
v183-p00-b2-e004,0,1,3,371,185.5,market_order,0.015,0.015,1,1,1,0.04204706953040061,0.17328235348153942,"[101, 102]",1.8.3
v183-p00-b2-e005,0,1,4,391,195.5,market_order,0.015,0.015,1,1,1,0.055182264673303096,0.1908863323064306,"[101, 102, 103]",1.8.3
v183-p00-b2-e006,0,1,5,411,205.5,market_order,0.015,0.015,1,1,1,0.0699505740793793,0.21182729873850625,"[101, 102, 103]",1.8.3
v183-p00-b2-e007,0,1,6,431,215.5,market_order,0.015,0.015,1,1,1,0.08019471683128947,0.22627386500312882,"[101, 102, 103]",1.8.3
v183-p00-b2-e008,0,1,7,451,225.5,market_order,0.015,0.015,1,1,1,0.0916942210863376,0.2422522969775406,"[101, 102, 103]",1.8.3
v183-p00-b2-e009,0,1,8,471,235.5,market_order,0.015,0.015,1,1,1,0.10050488769109807,0.25393971301753027,"[102, 103]",1.8.3
v183-p00-b2-e010,0,1,9,491,245.5,market_order,0.015,0.015,-1,-1,-1,0.10492717688355183,-0.048880031465502315,"[101, 100, 99]",1.8.3
v183-p00-b2-e011,0,1,10,511,255.5,market_order,0.015,0.015,-1,-1,-1,0.06709105513482891,-0.0698446972479652,"[100, 99]",1.8.3
v183-p00-b2-e012,0,1,11,531,265.5,market_order,0.015,0.015,1,1,1,0.03640495206089684,0.1714312109970135,"[101, 102]",1.8.3
v183-p00-b2-e013,0,1,12,551,275.5,market_order,0.015,0.015,1,1,1,0.05936521587712502,0.19914774871412594,"[101, 102, 103]",1.8.3
v183-p00-b2-e014,0,1,13,571,285.5,market_order,0.015,0.015,1,1,1,0.07234999635906245,0.2165648215635041,"[101, 102, 103]",1.8.3
v183-p00-b2-e015,0,1,14,591,295.5,market_order,0.015,0.015,1,1,1,0.0917648457324663,0.24295318586250722,"[101, 102, 103]",1.8.3
v183-p00-b2-e016,0,1,15,611,305.5,market_order,0.015,0.015,1,1,1,0.0991685869298908,0.252995121036224,"[101, 102, 103]",1.8.3
v183-p00-b2-e017,0,1,16,631,315.5,market_order,0.015,0.015,-1,-1,-1,0.0991441615803502,-0.056229601451470816,"[100, 99]",1.8.3
v183-p00-b2-e018,0,1,17,651,325.5,market_order,0.015,0.015,-1,-1,-1,0.05391008658456054,-0.08283520909154252,"[100, 99, 98]",1.8.3
v183-p00-b2-e019,0,1,18,671,335.5,market_order,0.015,0.015,-1,-1,-1,0.024549872666360863,-0.12168070428242463,"[100, 99, 98]",1.8.3
v183-p00-b2-e020,0,1,19,691,345.5,market_order,0.015,0.015,-1,-1,-1,0.00990328929148765,-0.1413321260752251,"[100, 99, 98]",1.8.3
v183-p00-b2-e021,0,1,20,711,355.5,market_order,0.015,0.015,-1,-1,-1,-0.00026957949553241267,-0.15472823864381344,"[99, 98]",1.8.3
v183-p00-b2-e022,0,1,21,731,365.5,market_order,0.015,0.015,-1,-1,-1,-0.008706798349945144,-0.1586703022489406,"[99, 98]",1.8.3
v183-p00-b2-e023,0,1,22,751,375.5,market_order,0.015,0.015,-1,-1,-1,-0.024919704761310793,-0.16616127237124234,"[99, 98]",1.8.3
v183-p00-b2-e024,0,1,23,771,385.5,market_order,0.015,0.015,-1,-1,-1,-0.03233324100418243,-0.1695121010604912,"[99, 98]",1.8.3
v183-p00-b2-e025,0,1,24,791,395.5,market_order,0.015,0.015,1,1,1,-0.04670501852009326,0.09372587339063883,"[100, 101, 102]",1.8.3
v183-p00-b2-e026,0,1,25,811,405.5,market_order,0.015,0.015,-1,-1,-1,-0.012372950667029842,-0.16087770398750476,"[99, 98]",1.8.3
v183-p00-b2-e027,0,1,26,831,415.5,market_order,0.015,0.015,-1,-1,-1,-0.03813389380365876,-0.17229012585247566,"[99, 98]",1.8.3
v183-p00-b2-e028,0,1,27,851,425.5,market_order,0.015,0.015,-1,-1,-1,-0.043663631253505204,-0.17758028768655332,"[99, 98, 97]",1.8.3
v183-p00-b2-e029,0,1,28,871,435.5,market_order,0.015,0.015,-1,-1,-1,-0.05607144115935114,-0.19444338015622797,"[99, 98, 97]",1.8.3
v183-p00-b2-e030,0,1,29,891,445.5,market_order,0.015,0.015,-1,-1,-1,-0.07004802931366862,-0.2136107398656671,"[99, 98, 97]",1.8.3
v183-p00-b2-e031,0,1,30,911,455.5,market_order,0.015,0.015,-1,-1,-1,-0.08408030394366249,-0.23276788423347,"[99, 98, 97]",1.8.3
v183-p00-b2-e032,0,1,31,931,465.5,market_order,0.015,0.015,1,1,1,-0.09473027877183036,0.058284236515286164,"[100, 101]",1.8.3
v183-p00-b2-e033,0,1,32,951,475.5,market_order,0.015,0.015,1,1,1,-0.0570355448165383,0.0791652516222622,"[100, 101, 102]",1.8.3
v183-p00-b2-e034,0,1,33,971,485.5,market_order,0.015,0.015,1,1,1,-0.03303392068449515,0.11059763287559124,"[100, 101, 102]",1.8.3
v183-p00-b2-e035,0,1,34,991,495.5,market_order,0.015,0.015,1,1,1,-0.019452912193450245,0.12872340608873914,"[100, 101, 102]",1.8.3
v183-p00-b2-e036,0,1,35,1011,505.5,market_order,0.015,0.015,1,1,1,-0.012484553479033086,0.13803737990716244,"[100, 101, 102]",1.8.3
v183-p00-b2-e037,0,1,36,1031,515.5,market_order,0.015,0.015,1,1,1,-0.011733391764653697,0.1390138764809341,"[100, 101, 102]",1.8.3
v183-p00-b2-e038,0,1,37,1051,525.5,market_order,0.015,0.015,1,1,1,-0.006013958604822192,0.1466329561350416,"[100, 101, 102]",1.8.3
v183-p00-b2-e039,0,1,38,1071,535.5,market_order,0.015,0.015,1,1,-1,-0.01706235141855171,0.13180558877907772,"[100, 101, 102]",1.8.3
v183-p00-b2-e040,0,1,39,1091,545.5,market_order,0.015,0.015,1,1,1,-0.013322891721095464,0.1367462633591502,"[100, 101, 102]",1.8.3
v183-p00-b2-e041,0,1,40,1111,555.5,market_order,0.015,0.015,1,1,-1,-0.01502007571314666,0.13443880882041567,"[100, 101, 102]",1.8.3
v183-p00-b2-e042,0,1,41,1131,565.5,market_order,0.015,0.015,1,1,1,0.0007452972243829634,0.1548649270372763,"[101, 102]",1.8.3
v183-p00-b2-e043,0,1,42,1151,575.5,market_order,0.015,0.015,-1,-1,-1,0.010269853462068507,-0.14253825208954027,"[100, 99, 98]",1.8.3
v183-p00-b2-e044,0,1,43,1171,585.5,market_order,0.015,0.015,-1,-1,-1,-0.020121561606483,-0.16458867102903676,"[99, 98]",1.8.3
v183-p00-b2-e045,0,1,44,1191,595.5,market_order,0.015,0.015,-1,-1,-1,-0.030217592381694053,-0.16893908880509748,"[99, 98]",1.8.3
v183-p00-b2-e046,0,1,45,1211,605.5,market_order,0.015,0.015,-1,-1,-1,-0.039940183953147884,-0.1738932766883141,"[99, 98, 97]",1.8.3
v183-p00-b2-e047,0,1,46,1231,615.5,market_order,0.015,0.015,-1,-1,-1,-0.04545679937747428,-0.18090855431882422,"[99, 98, 97]",1.8.3
v183-p00-b2-e048,0,1,47,1251,625.5,market_order,0.015,0.015,1,1,1,-0.046045019992288494,0.09490437932361147,"[100, 101, 102]",1.8.3
v183-p01-b1-e001,1,0,0,301,150.5,market_order,0.015,0.015,1,1,0,0.013685234671024022,0.15858444555473586,"[101, 102]",1.8.3
v183-p01-b1-e002,1,0,1,321,160.5,market_order,0.015,0.015,-1,-1,-1,0.04113090106454171,-0.09635876063352405,"[100, 99, 98]",1.8.3
v183-p01-b1-e003,1,0,2,341,170.5,market_order,0.015,0.015,-1,-1,-1,0.010078460904249301,-0.1394783227904784,"[100, 99, 98]",1.8.3
v183-p01-b1-e004,1,0,3,361,180.5,market_order,0.015,0.015,-1,-1,-1,-0.008750131891935409,-0.15772566724281892,"[99, 98]",1.8.3
v183-p01-b1-e005,1,0,4,381,190.5,market_order,0.015,0.015,1,1,1,-0.02873429897326707,0.11565876003846648,"[100, 101, 102]",1.8.3
v183-p01-b1-e006,1,0,5,401,200.5,market_order,0.015,0.015,-1,-1,-1,-0.0031565290873828283,-0.15608850335634247,"[99, 98]",1.8.3
v183-p01-b1-e007,1,0,6,421,210.5,market_order,0.015,0.015,1,1,1,-0.032640948899057,0.11074235353143187,"[100, 101, 102]",1.8.3
v183-p01-b1-e008,1,0,7,441,220.5,market_order,0.015,0.015,1,1,1,-0.00585649246716273,0.14642452726431732,"[100, 101, 102]",1.8.3
v183-p01-b1-e009,1,0,8,461,230.5,market_order,0.015,0.015,1,1,1,0.009952989234788785,0.15892179844251633,"[101, 102]",1.8.3
v183-p01-b1-e010,1,0,9,481,240.5,market_order,0.015,0.015,1,1,1,0.026805567509178986,0.16673324644808074,"[101, 102]",1.8.3
v183-p01-b1-e011,1,0,10,501,250.5,market_order,0.015,0.015,-1,-1,-1,0.04310140312881492,-0.09746308244840586,"[100, 99, 98]",1.8.3
v183-p01-b1-e012,1,0,11,521,260.5,market_order,0.015,0.015,1,1,1,0.007535669233607185,0.15840975132481436,"[101, 102]",1.8.3
v183-p01-b1-e013,1,0,12,541,270.5,market_order,0.015,0.015,1,1,1,0.02397570368995479,0.16559341259892663,"[101, 102]",1.8.3
v183-p01-b1-e014,1,0,13,561,280.5,market_order,0.015,0.015,1,1,1,0.03160031513208878,0.16899972382922085,"[101, 102]",1.8.3
v183-p01-b1-e015,1,0,14,581,290.5,market_order,0.015,0.015,1,1,1,0.03891851857497867,0.17233287051566623,"[101, 102]",1.8.3
v183-p01-b1-e016,1,0,15,601,300.5,market_order,0.015,0.015,1,1,1,0.04141077333319669,0.1734471091781448,"[101, 102]",1.8.3
v183-p01-b1-e017,1,0,16,621,310.5,market_order,0.015,0.015,1,1,1,0.05270863513420618,0.18889005185859173,"[101, 102, 103]",1.8.3
v183-p01-b1-e018,1,0,17,641,320.5,market_order,0.015,0.015,1,1,1,0.053677088814887364,0.19023332607402693,"[101, 102, 103]",1.8.3
v183-p01-b1-e019,1,0,18,661,330.5,market_order,0.015,0.015,1,1,1,0.0538653001002853,0.1904892773977822,"[101, 102, 103]",1.8.3
v183-p01-b1-e020,1,0,19,681,340.5,market_order,0.015,0.015,1,1,1,0.05450495562483824,0.1913802699738375,"[101, 102, 103]",1.8.3
v183-p01-b1-e021,1,0,20,701,350.5,market_order,0.015,0.015,1,1,-1,0.053263712506631575,0.18964615019471429,"[101, 102, 103]",1.8.3
v183-p01-b1-e022,1,0,21,721,360.5,market_order,0.015,0.015,1,1,-1,0.05226835994555073,0.1882459083432072,"[101, 102, 103]",1.8.3
v183-p01-b1-e023,1,0,22,741,370.5,market_order,0.015,0.015,1,1,-1,0.04207530875070988,0.17387081793292447,"[101, 102, 103]",1.8.3
v183-p01-b1-e024,1,0,23,761,380.5,market_order,0.015,0.015,1,1,1,0.04276881460101792,0.1747725025499887,"[101, 102, 103]",1.8.3
v183-p01-b1-e025,1,0,24,781,390.5,market_order,0.015,0.015,1,1,-1,0.037647609155980644,0.17168315539880596,"[101, 102]",1.8.3
v183-p01-b1-e026,1,0,25,801,400.5,market_order,0.015,0.015,-1,-1,-1,0.03283069766476281,-0.11160331385050262,"[100, 99, 98]",1.8.3
v183-p01-b1-e027,1,0,26,821,410.5,market_order,0.015,0.015,1,1,1,-0.015731107329236493,0.13389935774109848,"[100, 101, 102]",1.8.3
v183-p01-b1-e028,1,0,27,841,420.5,market_order,0.015,0.015,-1,-1,-1,0.004186797271565575,-0.15012995509653573,"[100, 99, 98]",1.8.3
v183-p01-b1-e029,1,0,28,861,430.5,market_order,0.015,0.015,-1,-1,-1,-0.029547494036155822,-0.16854618150055575,"[99, 98]",1.8.3
v183-p01-b1-e030,1,0,29,881,440.5,market_order,0.015,0.015,1,1,1,-0.04722813439532625,0.09259867865310455,"[100, 101, 102]",1.8.3
v183-p01-b1-e031,1,0,30,901,450.5,market_order,0.015,0.015,1,1,1,-0.021987020674152993,0.12526496164581918,"[100, 101, 102]",1.8.3
v183-p01-b1-e032,1,0,31,921,460.5,market_order,0.015,0.015,1,1,1,-0.006875725649770209,0.1453741279381175,"[100, 101, 102]",1.8.3
v183-p01-b1-e033,1,0,32,941,470.5,market_order,0.015,0.015,1,1,1,0.005350836322766097,0.15703660191114568,"[101, 102]",1.8.3
v183-p01-b1-e034,1,0,33,961,480.5,market_order,0.015,0.015,-1,-1,-1,0.016193397863840747,-0.13434014147082782,"[100, 99, 98]",1.8.3
v183-p01-b1-e035,1,0,34,981,490.5,market_order,0.015,0.015,-1,-1,-1,-0.01938299618568913,-0.16408046170830487,"[99, 98]",1.8.3
v183-p01-b1-e036,1,0,35,1001,500.5,market_order,0.015,0.015,1,1,1,-0.044243774799249916,0.09682912315896283,"[100, 101, 102]",1.8.3
v183-p01-b1-e037,1,0,36,1021,510.5,market_order,0.015,0.015,-1,-1,-1,-0.015169555978604851,-0.1623736272073804,"[99, 98]",1.8.3
v183-p01-b1-e038,1,0,37,1041,520.5,market_order,0.015,0.015,1,1,1,-0.04400406115415765,0.09698458482512261,"[100, 101, 102]",1.8.3
v183-p01-b1-e039,1,0,38,1061,530.5,market_order,0.015,0.015,-1,-1,-1,-0.017010588903948187,-0.16317372062180935,"[99, 98]",1.8.3
v183-p01-b1-e040,1,0,39,1081,540.5,market_order,0.015,0.015,-1,-1,-1,-0.04057608166836897,-0.17507703380712844,"[99, 98, 97]",1.8.3
v183-p01-b1-e041,1,0,40,1101,550.5,market_order,0.015,0.015,1,1,1,-0.057373690743314165,0.07950234228413534,"[100, 101, 102]",1.8.3
v183-p01-b1-e042,1,0,41,1121,560.5,market_order,0.015,0.015,-1,-1,-1,-0.02226191768195805,-0.16540056260104527,"[99, 98]",1.8.3
v183-p01-b1-e043,1,0,42,1141,570.5,market_order,0.015,0.015,-1,-1,-1,-0.05023357217269948,-0.18785353744147315,"[99, 98, 97]",1.8.3
v183-p01-b1-e044,1,0,43,1161,580.5,market_order,0.015,0.015,-1,-1,-1,-0.06802217918056898,-0.21152741697263994,"[99, 98, 97]",1.8.3
v183-p01-b1-e045,1,0,44,1181,590.5,market_order,0.015,0.015,1,1,1,-0.07719436170460113,0.06577702236081596,"[100, 101]",1.8.3
v183-p01-b1-e046,1,0,45,1201,600.5,market_order,0.015,0.015,1,1,1,-0.04133079006851264,0.09977521546754006,"[100, 101, 102]",1.8.3
v183-p01-b1-e047,1,0,46,1221,610.5,market_order,0.015,0.015,1,1,1,-0.01938485904606814,0.12886117183801782,"[100, 101, 102]",1.8.3
v183-p01-b1-e048,1,0,47,1241,620.5,market_order,0.015,0.015,1,1,1,-0.013156318329335212,0.13713567597364792,"[100, 101, 102]",1.8.3
v183-p01-b2-e001,1,1,0,311,155.5,market_order,0.015,0.015,1,1,0,0.007373490649910235,0.15555901893800078,"[101, 102]",1.8.3
v183-p01-b2-e002,1,1,1,331,165.5,market_order,0.015,0.015,-1,-1,-1,0.031458227066118366,-0.10982388735599204,"[100, 99, 98]",1.8.3
v183-p01-b2-e003,1,1,2,351,175.5,market_order,0.015,0.015,-1,-1,-1,0.0040510086034767565,-0.1478957500583045,"[100, 99, 98]",1.8.3
v183-p01-b2-e004,1,1,3,371,185.5,market_order,0.015,0.015,-1,-1,-1,-0.02004879589131099,-0.16310825605011736,"[99, 98]",1.8.3
v183-p01-b2-e005,1,1,4,391,195.5,market_order,0.015,0.015,-1,-1,-1,-0.03635961298766528,-0.17080542960826037,"[99, 98]",1.8.3
v183-p01-b2-e006,1,1,5,411,205.5,market_order,0.015,0.015,-1,-1,-1,-0.051166842016093325,-0.18584085732780892,"[99, 98, 97]",1.8.3
v183-p01-b2-e007,1,1,6,431,215.5,market_order,0.015,0.015,-1,-1,-1,-0.053516812278798044,-0.18914228194946367,"[99, 98, 97]",1.8.3
v183-p01-b2-e008,1,1,7,451,225.5,market_order,0.015,0.015,1,1,1,-0.050178937480046516,0.08736436812354004,"[100, 101, 102]",1.8.3
v183-p01-b2-e009,1,1,8,471,235.5,market_order,0.015,0.015,1,1,1,-0.010441201395164551,0.14035230533384502,"[100, 101, 102]",1.8.3
v183-p01-b2-e010,1,1,9,491,245.5,market_order,0.015,0.015,1,1,1,0.014732040179279397,0.161263122751919,"[101, 102]",1.8.3
v183-p01-b2-e011,1,1,10,511,255.5,market_order,0.015,0.015,-1,-1,-1,0.031012593296114103,-0.11350495649223079,"[100, 99, 98]",1.8.3
v183-p01-b2-e012,1,1,11,531,265.5,market_order,0.015,0.015,-1,-1,-1,-0.0024300227123080637,-0.15575530782723404,"[99, 98]",1.8.3
v183-p01-b2-e013,1,1,12,551,275.5,market_order,0.015,0.015,-1,-1,-1,-0.01581828225208108,-0.16182360783016322,"[99, 98]",1.8.3
v183-p01-b2-e014,1,1,13,571,285.5,market_order,0.015,0.015,1,1,1,-0.021783561303438226,0.12621385608278032,"[100, 101, 102]",1.8.3
v183-p01-b2-e015,1,1,14,591,295.5,market_order,0.015,0.015,1,1,1,0.00616050118261292,0.15771935128254946,"[101, 102]",1.8.3
v183-p01-b2-e016,1,1,15,611,305.5,market_order,0.015,0.015,1,1,1,0.03423428522227096,0.17042517100449986,"[101, 102]",1.8.3
v183-p01-b2-e017,1,1,16,631,315.5,market_order,0.015,0.015,-1,-1,-1,0.052747028828813776,-0.08504740377947789,"[100, 99, 98]",1.8.3
v183-p01-b2-e018,1,1,17,651,325.5,market_order,0.015,0.015,-1,-1,-1,0.03337047406251234,-0.10968770831533328,"[100, 99, 98]",1.8.3
v183-p01-b2-e019,1,1,18,671,335.5,market_order,0.015,0.015,-1,-1,-1,0.01651662841879987,-0.13222493329163404,"[100, 99, 98]",1.8.3
v183-p01-b2-e020,1,1,19,691,345.5,market_order,0.015,0.015,-1,-1,-1,0.006886134222770641,-0.14516279478203184,"[100, 99, 98]",1.8.3
v183-p01-b2-e021,1,1,20,711,355.5,market_order,0.015,0.015,-1,-1,-1,0.004096284585662559,-0.14889511693452137,"[100, 99, 98]",1.8.3
v183-p01-b2-e022,1,1,21,731,365.5,market_order,0.015,0.015,-1,-1,-1,-0.004264919239525433,-0.15638902994959397,"[99, 98]",1.8.3
v183-p01-b2-e023,1,1,22,751,375.5,market_order,0.015,0.015,-1,-1,-1,-0.012315803656225796,-0.16016471272617566,"[99, 98]",1.8.3
v183-p01-b2-e024,1,1,23,771,385.5,market_order,0.015,0.015,-1,-1,-1,-0.01469196155440601,-0.16123235187025442,"[99, 98]",1.8.3
v183-p01-b2-e025,1,1,24,791,395.5,market_order,0.015,0.015,1,1,1,-0.01882291671100972,0.1306768235614318,"[100, 101, 102]",1.8.3
v183-p01-b2-e026,1,1,25,811,405.5,market_order,0.015,0.015,-1,-1,-1,0.021040379241067296,-0.1271340984743754,"[100, 99, 98]",1.8.3
v183-p01-b2-e027,1,1,26,831,415.5,market_order,0.015,0.015,-1,-1,-1,0.0025926280919939546,-0.15120366554810205,"[100, 99, 98]",1.8.3
v183-p01-b2-e028,1,1,27,851,425.5,market_order,0.015,0.015,-1,-1,-1,-0.011121306744417928,-0.1597511129580757,"[99, 98]",1.8.3
v183-p01-b2-e029,1,1,28,871,435.5,market_order,0.015,0.015,-1,-1,-1,-0.025022649891195722,-0.1661516428969687,"[99, 98]",1.8.3
v183-p01-b2-e030,1,1,29,891,445.5,market_order,0.015,0.015,-1,-1,-1,-0.026723058719368573,-0.16685644089462834,"[99, 98]",1.8.3
v183-p01-b2-e031,1,1,30,911,455.5,market_order,0.015,0.015,1,1,1,-0.029683130432736862,0.11622206791758737,"[100, 101, 102]",1.8.3
v183-p01-b2-e032,1,1,31,931,465.5,market_order,0.015,0.015,1,1,1,0.007363516237470951,0.1586433428393973,"[101, 102]",1.8.3
v183-p01-b2-e033,1,1,32,951,475.5,market_order,0.015,0.015,-1,-1,-1,0.03552010271674346,-0.10833793135627844,"[100, 99, 98]",1.8.3
v183-p01-b2-e034,1,1,33,971,485.5,market_order,0.015,0.015,-1,-1,-1,0.0023069326884785687,-0.1518268299738609,"[100, 99, 98]",1.8.3
v183-p01-b2-e035,1,1,34,991,495.5,market_order,0.015,0.015,-1,-1,-1,-0.015709941309222056,-0.16203265218634647,"[99, 98]",1.8.3
v183-p01-b2-e036,1,1,35,1011,505.5,market_order,0.015,0.015,1,1,1,-0.025614663005709526,0.12180174820473114,"[100, 101, 102]",1.8.3
v183-p01-b2-e037,1,1,36,1031,515.5,market_order,0.015,0.015,1,1,1,0.006825730442146553,0.1584147969514061,"[101, 102]",1.8.3
v183-p01-b2-e038,1,1,37,1051,525.5,market_order,0.015,0.015,1,1,1,0.024123132352768608,0.16609546716989917,"[101, 102]",1.8.3
v183-p01-b2-e039,1,1,38,1071,535.5,market_order,0.015,0.015,1,1,1,0.03229168432768985,0.16969339929958763,"[101, 102]",1.8.3
v183-p01-b2-e040,1,1,39,1091,545.5,market_order,0.015,0.015,-1,-1,-1,0.0368693590322499,-0.10681417320533858,"[100, 99, 98]",1.8.3
v183-p01-b2-e041,1,1,40,1111,555.5,market_order,0.015,0.015,-1,-1,-1,0.0014874769301155954,-0.1532135271930339,"[100, 99, 98]",1.8.3
v183-p01-b2-e042,1,1,41,1131,565.5,market_order,0.015,0.015,-1,-1,-1,-0.026058924667784034,-0.16694306979603124,"[99, 98]",1.8.3
v183-p01-b2-e043,1,1,42,1151,575.5,market_order,0.015,0.015,-1,-1,-1,-0.05404022152296105,-0.19263150476219704,"[99, 98, 97]",1.8.3
v183-p01-b2-e044,1,1,43,1171,585.5,market_order,0.015,0.015,-1,-1,-1,-0.06865475441418456,-0.21224124737675307,"[99, 98, 97]",1.8.3
v183-p01-b2-e045,1,1,44,1191,595.5,market_order,0.015,0.015,1,1,1,-0.06767596290763066,0.06994569304055258,"[100, 101]",1.8.3
v183-p01-b2-e046,1,1,45,1211,605.5,market_order,0.015,0.015,-1,-1,-1,-0.026280749352696503,-0.1671791078767373,"[99, 98]",1.8.3
v183-p01-b2-e047,1,1,46,1231,615.5,market_order,0.015,0.015,-1,-1,-1,-0.04225753902609064,-0.17660112329777566,"[99, 98, 97]",1.8.3
v183-p01-b2-e048,1,1,47,1251,625.5,market_order,0.015,0.015,-1,-1,-1,-0.04333026094787258,-0.17729619013472775,"[99, 98, 97]",1.8.3
v183-p02-b1-e001,2,0,0,301,150.5,market_order,0.015,0.015,-1,-1,0,-0.00877798530860767,-0.15623227781009144,"[99, 98]",1.8.3
v183-p02-b1-e002,2,0,1,321,160.5,market_order,0.015,0.015,-1,-1,-1,-0.03404092478406501,-0.16913604326087697,"[99, 98]",1.8.3
v183-p02-b1-e003,2,0,2,341,170.5,market_order,0.015,0.015,1,1,1,-0.05388483805812858,0.08020106366771497,"[100, 101, 102]",1.8.3
v183-p02-b1-e004,2,0,3,361,180.5,market_order,0.015,0.015,-1,-1,-1,-0.020978097758830222,-0.1637826879234193,"[99, 98]",1.8.3
v183-p02-b1-e005,2,0,4,381,190.5,market_order,0.015,0.015,1,1,1,-0.055035477315642664,0.07958503767318993,"[100, 101, 102]",1.8.3
v183-p02-b1-e006,2,0,5,401,200.5,market_order,0.015,0.015,-1,-1,-1,-0.03177556704632714,-0.16893949093157964,"[99, 98]",1.8.3
v183-p02-b1-e007,2,0,6,421,210.5,market_order,0.015,0.015,-1,-1,-1,-0.05374780372473948,-0.19039791899712663,"[99, 98, 97]",1.8.3
v183-p02-b1-e008,2,0,7,441,220.5,market_order,0.015,0.015,-1,-1,-1,-0.07807716188461415,-0.22378543230493886,"[99, 98, 97]",1.8.3
v183-p02-b1-e009,2,0,8,461,230.5,market_order,0.015,0.015,1,1,1,-0.08942333464958377,0.059875238053893214,"[100, 101]",1.8.3
v183-p02-b1-e010,2,0,9,481,240.5,market_order,0.015,0.015,-1,-1,-1,-0.05244689707915541,-0.19051875782496497,"[99, 98, 97]",1.8.3
v183-p02-b1-e011,2,0,10,501,250.5,market_order,0.015,0.015,-1,-1,-1,-0.0720232843827232,-0.2160849918206611,"[99, 98, 97]",1.8.3
v183-p02-b1-e012,2,0,11,521,260.5,market_order,0.015,0.015,-1,-1,-1,-0.08250557060638222,-0.23026440099259615,"[99, 98, 97]",1.8.3
v183-p02-b1-e013,2,0,12,541,270.5,market_order,0.015,0.015,-1,-1,-1,-0.09371845576586177,-0.2455169494088484,"[99, 98, 97]",1.8.3
v183-p02-b1-e014,2,0,13,561,280.5,market_order,0.015,0.015,1,1,1,-0.09522346711025546,0.05772595142322105,"[100, 101]",1.8.3
v183-p02-b1-e015,2,0,14,581,290.5,market_order,0.015,0.015,-1,-1,-1,-0.04761241066308526,-0.18460588621745475,"[99, 98, 97]",1.8.3
v183-p02-b1-e016,2,0,15,601,300.5,market_order,0.015,0.015,-1,-1,-1,-0.06547038413191304,-0.2074497574435788,"[99, 98, 97]",1.8.3
v183-p02-b1-e017,2,0,16,621,310.5,market_order,0.015,0.015,1,1,1,-0.06882058461519153,0.06916945762374654,"[100, 101]",1.8.3
v183-p02-b1-e018,2,0,17,641,320.5,market_order,0.015,0.015,1,1,1,-0.024976953401007182,0.1211427567764293,"[100, 101, 102]",1.8.3
v183-p02-b1-e019,2,0,18,661,330.5,market_order,0.015,0.015,1,1,1,0.0016701836724062264,0.15542577553617537,"[101, 102]",1.8.3
v183-p02-b1-e020,2,0,19,681,340.5,market_order,0.015,0.015,1,1,1,0.01652174755922207,0.16228545124008845,"[101, 102]",1.8.3
v183-p02-b1-e021,2,0,20,701,350.5,market_order,0.015,0.015,-1,-1,-1,0.03285468779965089,-0.1117481142251839,"[100, 99, 98]",1.8.3
v183-p02-b1-e022,2,0,21,721,360.5,market_order,0.015,0.015,-1,-1,-1,0.00386697527816599,-0.14980762464667613,"[100, 99, 98]",1.8.3
v183-p02-b1-e023,2,0,22,741,370.5,market_order,0.015,0.015,1,1,1,-0.019227755762618218,0.1299247125462035,"[100, 101, 102]",1.8.3
v183-p02-b1-e024,2,0,23,761,380.5,market_order,0.015,0.015,1,1,1,0.011921491191738793,0.16044041982521517,"[101, 102]",1.8.3
v183-p02-b1-e025,2,0,24,781,390.5,market_order,0.015,0.015,1,1,1,0.02958282960126954,0.16836986031651485,"[101, 102]",1.8.3
v183-p02-b1-e026,2,0,25,801,400.5,market_order,0.015,0.015,1,1,1,0.03719307991330471,0.17175173994551882,"[101, 102]",1.8.3
v183-p02-b1-e027,2,0,26,821,410.5,market_order,0.015,0.015,-1,-1,-1,0.04044351773481376,-0.10171564876612404,"[100, 99, 98]",1.8.3
v183-p02-b1-e028,2,0,27,841,420.5,market_order,0.015,0.015,1,1,1,0.0005963350420792992,0.15561744192804636,"[101, 102]",1.8.3
v183-p02-b1-e029,2,0,28,861,430.5,market_order,0.015,0.015,1,1,1,0.026122053585116677,0.16684198080937634,"[101, 102]",1.8.3
v183-p02-b1-e030,2,0,29,881,440.5,market_order,0.015,0.015,1,1,1,0.02863979436899506,0.16783860569019,"[101, 102]",1.8.3
v183-p02-b1-e031,2,0,30,901,450.5,market_order,0.015,0.015,-1,-1,-1,0.030784678797660833,-0.11463380667344979,"[100, 99, 98]",1.8.3
v183-p02-b1-e032,2,0,31,921,460.5,market_order,0.015,0.015,1,1,1,0.0028303625296567424,0.15665693291775712,"[101, 102]",1.8.3
v183-p02-b1-e033,2,0,32,941,470.5,market_order,0.015,0.015,1,1,1,0.028273113081157403,0.1678389869938149,"[101, 102]",1.8.3
v183-p02-b1-e034,2,0,33,961,480.5,market_order,0.015,0.015,1,1,1,0.040762091599598906,0.17378481924731423,"[101, 102, 103]",1.8.3
v183-p02-b1-e035,2,0,34,981,490.5,market_order,0.015,0.015,1,1,1,0.04833777048907326,0.18377947707210077,"[101, 102, 103]",1.8.3
v183-p02-b1-e036,2,0,35,1001,500.5,market_order,0.015,0.015,-1,-1,-1,0.05369491085165965,-0.08445048140867643,"[100, 99, 98]",1.8.3
v183-p02-b1-e037,2,0,36,1021,510.5,market_order,0.015,0.015,-1,-1,-1,0.01216476291169628,-0.13883966485761945,"[100, 99, 98]",1.8.3
v183-p02-b1-e038,2,0,37,1041,520.5,market_order,0.015,0.015,-1,-1,-1,-0.004531840868779391,-0.1570750468418337,"[99, 98]",1.8.3
v183-p02-b1-e039,2,0,38,1061,530.5,market_order,0.015,0.015,-1,-1,-1,-0.016034645023536492,-0.16228323967904934,"[99, 98]",1.8.3
v183-p02-b1-e040,2,0,39,1081,540.5,market_order,0.015,0.015,1,1,1,-0.028384046021562567,0.11811233553814605,"[100, 101, 102]",1.8.3
v183-p02-b1-e041,2,0,40,1101,550.5,market_order,0.015,0.015,1,1,1,0.008182057411630188,0.1589349472002862,"[101, 102]",1.8.3
v183-p02-b1-e042,2,0,41,1121,560.5,market_order,0.015,0.015,1,1,1,0.016225466066880804,0.16241862537530563,"[101, 102]",1.8.3
v183-p02-b1-e043,2,0,42,1141,570.5,market_order,0.015,0.015,-1,-1,-1,0.022509700653334207,-0.12594274986923198,"[100, 99, 98]",1.8.3
v183-p02-b1-e044,2,0,43,1161,580.5,market_order,0.015,0.015,-1,-1,-1,-0.01692425922856683,-0.16293216100799135,"[99, 98]",1.8.3
v183-p02-b1-e045,2,0,44,1181,590.5,market_order,0.015,0.015,-1,-1,-1,-0.02921231184488933,-0.16834686881211552,"[99, 98]",1.8.3
v183-p02-b1-e046,2,0,45,1201,600.5,market_order,0.015,0.015,-1,-1,-1,-0.03832066382902474,-0.17239577532963404,"[99, 98]",1.8.3
v183-p02-b1-e047,2,0,46,1221,610.5,market_order,0.015,0.015,1,1,1,-0.04438312660828253,0.09689482846567929,"[100, 101, 102]",1.8.3
v183-p02-b1-e048,2,0,47,1241,620.5,market_order,0.015,0.015,1,1,1,0.0010783390111021548,0.15571192257385144,"[101, 102]",1.8.3
v183-p02-b2-e001,2,1,0,311,155.5,market_order,0.015,0.015,-1,-1,0,0.004949523533695288,-0.1449054345636989,"[100, 99, 98]",1.8.3
v183-p02-b2-e002,2,1,1,331,165.5,market_order,0.015,0.015,-1,-1,-1,-0.024866583362639735,-0.16479248710145997,"[99, 98]",1.8.3
v183-p02-b2-e003,2,1,2,351,175.5,market_order,0.015,0.015,-1,-1,-1,-0.044970712192751776,-0.17596588074801156,"[99, 98, 97]",1.8.3
v183-p02-b2-e004,2,1,3,371,185.5,market_order,0.015,0.015,-1,-1,-1,-0.05139476744002143,-0.18525519318737607,"[99, 98, 97]",1.8.3
v183-p02-b2-e005,2,1,4,391,195.5,market_order,0.015,0.015,-1,-1,-1,-0.06045747775457543,-0.19830638859463426,"[99, 98, 97]",1.8.3
v183-p02-b2-e006,2,1,5,411,205.5,market_order,0.015,0.015,-1,-1,-1,-0.07223104524298918,-0.21502862746703047,"[99, 98, 97]",1.8.3
v183-p02-b2-e007,2,1,6,431,215.5,market_order,0.015,0.015,-1,-1,-1,-0.08380895837222928,-0.23128150320647486,"[99, 98, 97]",1.8.3
v183-p02-b2-e008,2,1,7,451,225.5,market_order,0.015,0.015,-1,-1,-1,-0.09170615745541252,-0.24229386181566326,"[99, 98, 97]",1.8.3
v183-p02-b2-e009,2,1,8,471,235.5,market_order,0.015,0.015,1,1,1,-0.10121340023239171,0.05382148343992288,"[99, 100, 101]",1.8.3
v183-p02-b2-e010,2,1,9,491,245.5,market_order,0.015,0.015,-1,-1,-1,-0.06138006833545733,-0.20268090398028402,"[99, 98, 97]",1.8.3
v183-p02-b2-e011,2,1,10,511,255.5,market_order,0.015,0.015,1,1,1,-0.07843882501293817,0.064833770056703,"[100, 101]",1.8.3
v183-p02-b2-e012,2,1,11,531,265.5,market_order,0.015,0.015,1,1,1,-0.04741536469698661,0.09045541501214743,"[100, 101, 102]",1.8.3
v183-p02-b2-e013,2,1,12,551,275.5,market_order,0.015,0.015,1,1,1,-0.04491372200248692,0.09327527332832075,"[100, 101, 102]",1.8.3
v183-p02-b2-e014,2,1,13,571,285.5,market_order,0.015,0.015,1,1,1,-0.03553807790369283,0.10591503897235535,"[100, 101, 102]",1.8.3
v183-p02-b2-e015,2,1,14,591,295.5,market_order,0.015,0.015,1,1,1,-0.02823891015838835,0.11586122985077899,"[100, 101, 102]",1.8.3
v183-p02-b2-e016,2,1,15,611,305.5,market_order,0.015,0.015,1,1,1,-0.024723981528859504,0.12066636401048149,"[100, 101, 102]",1.8.3
v183-p02-b2-e017,2,1,16,631,315.5,market_order,0.015,0.015,1,1,1,-0.018890734417497557,0.12862899827374666,"[100, 101, 102]",1.8.3
v183-p02-b2-e018,2,1,17,651,325.5,market_order,0.015,0.015,1,1,1,-0.014702675077218966,0.13434888707728757,"[100, 101, 102]",1.8.3
v183-p02-b2-e019,2,1,18,671,335.5,market_order,0.015,0.015,1,1,1,-0.0004237578345729909,0.15364113619794104,"[100, 101, 102]",1.8.3
v183-p02-b2-e020,2,1,19,691,345.5,market_order,0.015,0.015,1,1,1,0.0155682896594283,0.16164523286808172,"[101, 102]",1.8.3
v183-p02-b2-e021,2,1,20,711,355.5,market_order,0.015,0.015,-1,-1,-1,0.02607993683470212,-0.12095541557619652,"[100, 99, 98]",1.8.3
v183-p02-b2-e022,2,1,21,731,365.5,market_order,0.015,0.015,-1,-1,-1,-0.011504031920632873,-0.16043834383645617,"[99, 98]",1.8.3
v183-p02-b2-e023,2,1,22,751,375.5,market_order,0.015,0.015,1,1,1,-0.03209757890850955,0.11274607171898893,"[100, 101, 102]",1.8.3
v183-p02-b2-e024,2,1,23,771,385.5,market_order,0.015,0.015,1,1,1,0.00100486904704216,0.15533980550054138,"[101, 102]",1.8.3
v183-p02-b2-e025,2,1,24,791,395.5,market_order,0.015,0.015,-1,-1,-1,0.017878293001167708,-0.13195609752365245,"[100, 99, 98]",1.8.3
v183-p02-b2-e026,2,1,25,811,405.5,market_order,0.015,0.015,-1,-1,-1,-0.002696111231660081,-0.1564291528375442,"[99, 98]",1.8.3
v183-p02-b2-e027,2,1,26,831,415.5,market_order,0.015,0.015,-1,-1,-1,-0.016664356136532527,-0.16261872235303412,"[99, 98]",1.8.3
v183-p02-b2-e028,2,1,27,851,425.5,market_order,0.015,0.015,-1,-1,-1,-0.0284564526815759,-0.16789509285505416,"[99, 98]",1.8.3
v183-p02-b2-e029,2,1,28,871,435.5,market_order,0.015,0.015,-1,-1,-1,-0.03253679071271888,-0.1696745131340409,"[99, 98]",1.8.3
v183-p02-b2-e030,2,1,29,891,445.5,market_order,0.015,0.015,-1,-1,1,-0.03170664897521071,-0.16923050555027655,"[99, 98]",1.8.3
v183-p02-b2-e031,2,1,30,911,455.5,market_order,0.015,0.015,1,1,1,-0.03053787271126815,0.11506993129324955,"[100, 101, 102]",1.8.3
v183-p02-b2-e032,2,1,31,931,465.5,market_order,0.015,0.015,1,1,1,0.004764128134736458,0.15741739310869515,"[101, 102]",1.8.3
v183-p02-b2-e033,2,1,32,951,475.5,market_order,0.015,0.015,1,1,1,0.02795571307995417,0.16780031722886976,"[101, 102]",1.8.3
v183-p02-b2-e034,2,1,33,971,485.5,market_order,0.015,0.015,-1,-1,-1,0.045804337353707404,-0.0949560369105524,"[100, 99, 98]",1.8.3
v183-p02-b2-e035,2,1,34,991,495.5,market_order,0.015,0.015,-1,-1,-1,0.025657263406111276,-0.12067291935877643,"[100, 99, 98]",1.8.3
v183-p02-b2-e036,2,1,35,1011,505.5,market_order,0.015,0.015,-1,-1,-1,0.012516103486947315,-0.138051488433748,"[100, 99, 98]",1.8.3
v183-p02-b2-e037,2,1,36,1031,515.5,market_order,0.015,0.015,1,1,1,-0.001297201743161655,0.1542673773531274,"[100, 101, 102]",1.8.3
v183-p02-b2-e038,2,1,37,1051,525.5,market_order,0.015,0.015,1,1,1,0.03529298109273148,0.17122531544911776,"[101, 102]",1.8.3
v183-p02-b2-e039,2,1,38,1071,535.5,market_order,0.015,0.015,-1,-1,-1,0.04329548450545939,-0.09816034175584508,"[100, 99, 98]",1.8.3
v183-p02-b2-e040,2,1,39,1091,545.5,market_order,0.015,0.015,-1,-1,-1,0.007337198273797909,-0.14523250401007254,"[100, 99, 98]",1.8.3
v183-p02-b2-e041,2,1,40,1111,555.5,market_order,0.015,0.015,-1,-1,-1,-0.009791811913030926,-0.15939726833209597,"[99, 98]",1.8.3
v183-p02-b2-e042,2,1,41,1131,565.5,market_order,0.015,0.015,-1,-1,-1,-0.02185300146098658,-0.16487277036551506,"[99, 98]",1.8.3
v183-p02-b2-e043,2,1,42,1151,575.5,market_order,0.015,0.015,1,1,1,-0.03126946556543142,0.11436612907917403,"[100, 101, 102]",1.8.3
v183-p02-b2-e044,2,1,43,1171,585.5,market_order,0.015,0.015,1,1,1,-0.005369545286257285,0.14816548531124232,"[100, 101, 102]",1.8.3
v183-p02-b2-e045,2,1,44,1191,595.5,market_order,0.015,0.015,1,1,1,0.01147741452310215,0.16036519367985924,"[101, 102]",1.8.3
v183-p02-b2-e046,2,1,45,1211,605.5,market_order,0.015,0.015,1,1,1,0.019229794708280276,0.16378646468809893,"[101, 102]",1.8.3
v183-p02-b2-e047,2,1,46,1231,615.5,market_order,0.015,0.015,1,1,1,0.022222519592433702,0.16506337450153533,"[101, 102]",1.8.3
v183-p02-b2-e048,2,1,47,1251,625.5,market_order,0.015,0.015,1,1,1,0.03694930561956577,0.17177408678688738,"[101, 102]",1.8.3
v183-p03-b1-e001,3,0,0,301,150.5,market_order,0.015,0.015,1,1,0,0.006067143019832811,0.1549330050039836,"[101, 102]",1.8.3
v183-p03-b1-e002,3,0,1,321,160.5,market_order,0.015,0.015,-1,-1,-1,0.02967287338656521,-0.11231424057462673,"[100, 99, 98]",1.8.3
v183-p03-b1-e003,3,0,2,341,170.5,market_order,0.015,0.015,-1,-1,-1,0.004284297490216761,-0.1475829956915932,"[100, 99, 98]",1.8.3
v183-p03-b1-e004,3,0,3,361,180.5,market_order,0.015,0.015,1,1,1,-0.0056419264977050215,0.1468831409453767,"[100, 101, 102]",1.8.3
v183-p03-b1-e005,3,0,4,381,190.5,market_order,0.015,0.015,-1,-1,-1,0.025744769710136926,-0.11946836402623186,"[100, 99, 98]",1.8.3
v183-p03-b1-e006,3,0,5,401,200.5,market_order,0.015,0.015,1,1,1,0.008786173492383254,0.15878469516974944,"[101, 102]",1.8.3
v183-p03-b1-e007,3,0,6,421,210.5,market_order,0.015,0.015,1,1,1,0.03415319110261007,0.1700919910086977,"[101, 102]",1.8.3
v183-p03-b1-e008,3,0,7,441,220.5,market_order,0.015,0.015,1,1,1,0.04839629419879831,0.18304010164515933,"[101, 102, 103]",1.8.3
v183-p03-b1-e009,3,0,8,461,230.5,market_order,0.015,0.015,1,1,1,0.06140273604577823,0.20086331397346135,"[101, 102, 103]",1.8.3
v183-p03-b1-e010,3,0,9,481,240.5,market_order,0.015,0.015,1,1,1,0.08068864864336685,0.22748964225310903,"[101, 102, 103]",1.8.3
v183-p03-b1-e011,3,0,10,501,250.5,market_order,0.015,0.015,-1,-1,-1,0.09103779913855164,-0.05936126608113638,"[100, 99]",1.8.3
v183-p03-b1-e012,3,0,11,521,260.5,market_order,0.015,0.015,-1,-1,-1,0.05703191050270058,-0.07765891585543379,"[100, 99, 98]",1.8.3
v183-p03-b1-e013,3,0,12,541,270.5,market_order,0.015,0.015,-1,-1,-1,0.041238002637514995,-0.0983420354771404,"[100, 99, 98]",1.8.3
v183-p03-b1-e014,3,0,13,561,280.5,market_order,0.015,0.015,-1,-1,-1,0.027814261427451536,-0.11650301786930581,"[100, 99, 98]",1.8.3
v183-p03-b1-e015,3,0,14,581,290.5,market_order,0.015,0.015,-1,-1,-1,0.027524842946449937,-0.11685517848983674,"[100, 99, 98]",1.8.3
v183-p03-b1-e016,3,0,15,601,300.5,market_order,0.015,0.015,-1,-1,-1,0.01785744606398385,-0.13000926251552722,"[100, 99, 98]",1.8.3
v183-p03-b1-e017,3,0,16,621,310.5,market_order,0.015,0.015,-1,-1,-1,0.0072700210759987696,-0.14438910971901392,"[100, 99, 98]",1.8.3
v183-p03-b1-e018,3,0,17,641,320.5,market_order,0.015,0.015,-1,-1,-1,0.00528583643084657,-0.14711412402400068,"[100, 99, 98]",1.8.3
v183-p03-b1-e019,3,0,18,661,330.5,market_order,0.015,0.015,-1,-1,-1,0.0017161361816071708,-0.15193485206280086,"[100, 99, 98]",1.8.3
v183-p03-b1-e020,3,0,19,681,340.5,market_order,0.015,0.015,-1,-1,-1,-0.008571634849380144,-0.15833162017229366,"[99, 98]",1.8.3
v183-p03-b1-e021,3,0,20,701,350.5,market_order,0.015,0.015,-1,-1,-1,-0.024518874274466404,-0.16581188178676787,"[99, 98]",1.8.3
v183-p03-b1-e022,3,0,21,721,360.5,market_order,0.015,0.015,1,1,1,-0.03706394452128388,0.10636457220649394,"[100, 101, 102]",1.8.3
v183-p03-b1-e023,3,0,22,741,370.5,market_order,0.015,0.015,1,1,1,-0.014077230253130388,0.1363290401720584,"[100, 101, 102]",1.8.3
v183-p03-b1-e024,3,0,23,761,380.5,market_order,0.015,0.015,1,1,1,0.013320976433414441,0.16108961634034255,"[101, 102]",1.8.3
v183-p03-b1-e025,3,0,24,781,390.5,market_order,0.015,0.015,1,1,1,0.030837958418333977,0.16899897190004706,"[101, 102]",1.8.3
v183-p03-b1-e026,3,0,25,801,400.5,market_order,0.015,0.015,-1,-1,-1,0.04554172883188762,-0.09514911018404582,"[100, 99, 98]",1.8.3
v183-p03-b1-e027,3,0,26,821,410.5,market_order,0.015,0.015,-1,-1,-1,0.021721112191170747,-0.1258687283435438,"[100, 99, 98]",1.8.3
v183-p03-b1-e028,3,0,27,841,420.5,market_order,0.015,0.015,1,1,1,0.009750368129415243,0.16003334685427453,"[101, 102]",1.8.3
v183-p03-b1-e029,3,0,28,861,430.5,market_order,0.015,0.015,1,1,1,0.042051718797247804,0.17714576238200466,"[101, 102, 103]",1.8.3
v183-p03-b1-e030,3,0,29,881,440.5,market_order,0.015,0.015,1,1,1,0.06247210975184922,0.2040232449338563,"[101, 102, 103]",1.8.3
v183-p03-b1-e031,3,0,30,901,450.5,market_order,0.015,0.015,1,1,1,0.08248213644527821,0.2309861419660166,"[101, 102, 103]",1.8.3
v183-p03-b1-e032,3,0,31,921,460.5,market_order,0.015,0.015,1,1,1,0.10237845293509408,0.2556451488770917,"[102, 103]",1.8.3
v183-p03-b1-e033,3,0,32,941,470.5,market_order,0.015,0.015,1,1,1,0.11644771295538997,0.2622619561164427,"[102, 103]",1.8.3
v183-p03-b1-e034,3,0,33,961,480.5,market_order,0.015,0.015,1,1,1,0.13416939146414245,0.2704219425658168,"[102, 103]",1.8.3
v183-p03-b1-e035,3,0,34,981,490.5,market_order,0.015,0.015,1,1,1,0.13586214751562062,0.27112387742004423,"[102, 103]",1.8.3
v183-p03-b1-e036,3,0,35,1001,500.5,market_order,0.015,0.015,-1,-1,-1,0.1338879181972144,-0.010690135943167065,"[101, 100, 99]",1.8.3
v183-p03-b1-e037,3,0,36,1021,510.5,market_order,0.015,0.015,-1,-1,-1,0.08781303614112675,-0.060810257284466374,"[100, 99]",1.8.3
v183-p03-b1-e038,3,0,37,1041,520.5,market_order,0.015,0.015,-1,-1,-1,0.05741020117206726,-0.0778292828606957,"[100, 99, 98]",1.8.3
v183-p03-b1-e039,3,0,38,1061,530.5,market_order,0.015,0.015,-1,-1,-1,0.04297958365345934,-0.09678268064095584,"[100, 99, 98]",1.8.3
v183-p03-b1-e040,3,0,39,1081,540.5,market_order,0.015,0.015,-1,-1,-1,0.03196574981861893,-0.11156443697291421,"[100, 99, 98]",1.8.3
v183-p03-b1-e041,3,0,40,1101,550.5,market_order,0.015,0.015,-1,-1,-1,0.02432813109554689,-0.12186028511163179,"[100, 99, 98]",1.8.3
v183-p03-b1-e042,3,0,41,1121,560.5,market_order,0.015,0.015,-1,-1,-1,0.01609542596347266,-0.13296405236417627,"[100, 99, 98]",1.8.3
v183-p03-b1-e043,3,0,42,1141,570.5,market_order,0.015,0.015,-1,-1,-1,-4.18553967416746e-05,-0.15456572035715974,"[99, 98]",1.8.3
v183-p03-b1-e044,3,0,43,1161,580.5,market_order,0.015,0.015,-1,-1,-1,-0.013732593599356496,-0.16104909552710514,"[99, 98]",1.8.3
v183-p03-b1-e045,3,0,44,1181,590.5,market_order,0.015,0.015,1,1,1,-0.022502889793745748,0.12616484666277594,"[100, 101, 102]",1.8.3
v183-p03-b1-e046,3,0,45,1201,600.5,market_order,0.015,0.015,1,1,1,0.012084244809547897,0.16092339077901294,"[101, 102]",1.8.3
v183-p03-b1-e047,3,0,46,1221,610.5,market_order,0.015,0.015,1,1,1,0.022950785466599035,0.1656445817588903,"[101, 102]",1.8.3
v183-p03-b1-e048,3,0,47,1241,620.5,market_order,0.015,0.015,1,1,1,0.03355459039534648,0.17034169483783543,"[101, 102]",1.8.3
v183-p03-b2-e001,3,1,0,311,155.5,market_order,0.015,0.015,1,1,0,0.008190179231124703,0.15595067440851418,"[101, 102]",1.8.3
v183-p03-b2-e002,3,1,1,331,165.5,market_order,0.015,0.015,1,1,1,0.027290454754852745,0.1659322721332657,"[101, 102]",1.8.3
v183-p03-b2-e003,3,1,2,351,175.5,market_order,0.015,0.015,1,1,1,0.03314567644057599,0.16894630490439275,"[101, 102]",1.8.3
v183-p03-b2-e004,3,1,3,371,185.5,market_order,0.015,0.015,1,1,1,0.04016100797290984,0.17237891384758985,"[101, 102]",1.8.3
v183-p03-b2-e005,3,1,4,391,195.5,market_order,0.015,0.015,1,1,1,0.048201321536795974,0.18098421662400885,"[101, 102, 103]",1.8.3
v183-p03-b2-e006,3,1,5,411,205.5,market_order,0.015,0.015,-1,-1,-1,0.06608588054189628,-0.06991884772261764,"[100, 99]",1.8.3
v183-p03-b2-e007,3,1,6,431,215.5,market_order,0.015,0.015,-1,-1,-1,0.03303492502717124,-0.10920154868785918,"[100, 99, 98]",1.8.3
v183-p03-b2-e008,3,1,7,451,225.5,market_order,0.015,0.015,1,1,1,0.023224537139950957,0.16530242439140827,"[101, 102]",1.8.3
v183-p03-b2-e009,3,1,8,471,235.5,market_order,0.015,0.015,1,1,1,0.057996211933655825,0.19688822938699063,"[101, 102, 103]",1.8.3
v183-p03-b2-e010,3,1,9,491,245.5,market_order,0.015,0.015,1,1,1,0.08044667858612595,0.2273568336500902,"[101, 102, 103]",1.8.3
v183-p03-b2-e011,3,1,10,511,255.5,market_order,0.015,0.015,1,1,1,0.08981637708040051,0.24015458461833167,"[101, 102, 103]",1.8.3
v183-p03-b2-e012,3,1,11,531,265.5,market_order,0.015,0.015,1,1,1,0.09480982591427485,0.24697348704322686,"[101, 102, 103]",1.8.3
v183-p03-b2-e013,3,1,12,551,275.5,market_order,0.015,0.015,1,1,-1,0.09328570419345686,0.24495069946974538,"[101, 102, 103]",1.8.3
v183-p03-b2-e014,3,1,13,571,285.5,market_order,0.015,0.015,1,1,-1,0.08517068243175033,0.23395844115797393,"[101, 102, 103]",1.8.3
v183-p03-b2-e015,3,1,14,591,295.5,market_order,0.015,0.015,-1,-1,-1,0.08503463966639813,-0.06219450209919458,"[100, 99]",1.8.3
v183-p03-b2-e016,3,1,15,611,305.5,market_order,0.015,0.015,1,1,1,0.0458497895297469,0.18218061522339504,"[101, 102, 103]",1.8.3
v183-p03-b2-e017,3,1,16,631,315.5,market_order,0.015,0.015,1,1,1,0.05966179859127448,0.19946784666516845,"[101, 102, 103]",1.8.3
v183-p03-b2-e018,3,1,17,651,325.5,market_order,0.015,0.015,-1,-1,-1,0.06916502978627401,-0.06903769073419876,"[100, 99]",1.8.3
v183-p03-b2-e019,3,1,18,671,335.5,market_order,0.015,0.015,-1,-1,-1,0.020316773014078422,-0.12754233358329348,"[100, 99, 98]",1.8.3
v183-p03-b2-e020,3,1,19,691,345.5,market_order,0.015,0.015,-1,-1,-1,0.0001384374859109847,-0.15455871645367222,"[100, 99, 98]",1.8.3
v183-p03-b2-e021,3,1,20,711,355.5,market_order,0.015,0.015,-1,-1,-1,-0.0260937334511588,-0.16675579788943826,"[99, 98]",1.8.3
v183-p03-b2-e022,3,1,21,731,365.5,market_order,0.015,0.015,1,1,1,-0.043297302463170616,0.09793452976412148,"[100, 101, 102]",1.8.3
v183-p03-b2-e023,3,1,22,751,375.5,market_order,0.015,0.015,1,1,1,-0.013000219256638898,0.13749942611924235,"[100, 101, 102]",1.8.3
v183-p03-b2-e024,3,1,23,771,385.5,market_order,0.015,0.015,1,1,1,0.009613774230633634,0.15919401801053568,"[101, 102]",1.8.3
v183-p03-b2-e025,3,1,24,791,395.5,market_order,0.015,0.015,1,1,1,0.028895419383487064,0.16801008631648306,"[101, 102]",1.8.3
v183-p03-b2-e026,3,1,25,811,405.5,market_order,0.015,0.015,1,1,1,0.03415134451240023,0.1703296264494055,"[101, 102]",1.8.3
v183-p03-b2-e027,3,1,26,831,415.5,market_order,0.015,0.015,1,1,1,0.03644120551818564,0.17132652534660112,"[101, 102]",1.8.3
v183-p03-b2-e028,3,1,27,851,425.5,market_order,0.015,0.015,1,1,1,0.041537158211968246,0.17395610786170243,"[101, 102, 103]",1.8.3
v183-p03-b2-e029,3,1,28,871,435.5,market_order,0.015,0.015,1,1,1,0.050462304139430515,0.18624428175682486,"[101, 102, 103]",1.8.3
v183-p03-b2-e030,3,1,29,891,445.5,market_order,0.015,0.015,1,1,1,0.06650401790373948,0.20846334326319393,"[101, 102, 103]",1.8.3
v183-p03-b2-e031,3,1,30,911,455.5,market_order,0.015,0.015,1,1,1,0.08159082107426767,0.22919441374538638,"[101, 102, 103]",1.8.3
v183-p03-b2-e032,3,1,31,931,465.5,market_order,0.015,0.015,1,1,1,0.09495049367656377,0.24736156308024082,"[101, 102, 103]",1.8.3
v183-p03-b2-e033,3,1,32,951,475.5,market_order,0.015,0.015,1,1,1,0.10080434622999249,0.25460621320791976,"[102, 103]",1.8.3
v183-p03-b2-e034,3,1,33,971,485.5,market_order,0.015,0.015,-1,-1,-1,0.1075835855211851,-0.04592507204664867,"[101, 100, 99]",1.8.3
v183-p03-b2-e035,3,1,34,991,495.5,market_order,0.015,0.015,-1,-1,-1,0.07275170168629157,-0.067658191777473,"[100, 99]",1.8.3
v183-p03-b2-e036,3,1,35,1011,505.5,market_order,0.015,0.015,-1,-1,-1,0.04750877067982435,-0.09128971254841854,"[100, 99, 98]",1.8.3
v183-p03-b2-e037,3,1,36,1031,515.5,market_order,0.015,0.015,1,1,1,0.03491697794845775,0.1710657847326639,"[101, 102]",1.8.3
v183-p03-b2-e038,3,1,37,1051,525.5,market_order,0.015,0.015,-1,-1,-1,0.068354506577725,-0.06958754971281378,"[100, 99]",1.8.3
v183-p03-b2-e039,3,1,38,1071,535.5,market_order,0.015,0.015,1,1,1,0.0354772078052312,0.171268320078819,"[101, 102]",1.8.3
v183-p03-b2-e040,3,1,39,1091,545.5,market_order,0.015,0.015,1,1,1,0.06064183392719671,0.20183039286369236,"[101, 102, 103]",1.8.3
v183-p03-b2-e041,3,1,40,1111,555.5,market_order,0.015,0.015,-1,-1,-1,0.07428872631574192,-0.06700162420513675,"[100, 99]",1.8.3
v183-p03-b2-e042,3,1,41,1131,565.5,market_order,0.015,0.015,-1,-1,-1,0.03139937015376464,-0.11302047037261519,"[100, 99, 98]",1.8.3
v183-p03-b2-e043,3,1,42,1151,575.5,market_order,0.015,0.015,-1,-1,-1,0.01068130498839811,-0.14057240537347498,"[100, 99, 98]",1.8.3
v183-p03-b2-e044,3,1,43,1171,585.5,market_order,0.015,0.015,1,1,1,-0.008618264073805948,0.14442462953630844,"[100, 101, 102]",1.8.3
v183-p03-b2-e045,3,1,44,1191,595.5,market_order,0.015,0.015,-1,-1,-1,0.019983476693489044,-0.12906431044578853,"[100, 99, 98]",1.8.3
v183-p03-b2-e046,3,1,45,1211,605.5,market_order,0.015,0.015,-1,-1,-1,-0.009604798507211826,-0.1594703723309797,"[99, 98]",1.8.3
v183-p03-b2-e047,3,1,46,1231,615.5,market_order,0.015,0.015,1,1,1,-0.02386716588246915,0.12420006665956289,"[100, 101, 102]",1.8.3
v183-p03-b2-e048,3,1,47,1251,625.5,market_order,0.015,0.015,1,1,1,0.010608623592464632,0.16009177718934275,"[101, 102]",1.8.3
v183-p04-b1-e001,4,0,0,301,150.5,market_order,0.015,0.015,1,1,0,-0.0011872131454151308,0.15031778552726582,"[100, 101, 102]",1.8.3
v183-p04-b1-e002,4,0,1,321,160.5,market_order,0.015,0.015,1,1,1,0.01644672919049883,0.1607950266822147,"[101, 102]",1.8.3
v183-p04-b1-e003,4,0,2,341,170.5,market_order,0.015,0.015,1,1,1,0.026378906180179747,0.16578956366998587,"[101, 102]",1.8.3
v183-p04-b1-e004,4,0,3,361,180.5,market_order,0.015,0.015,-1,-1,-1,0.029254178762572296,-0.11450355155136319,"[100, 99, 98]",1.8.3
v183-p04-b1-e005,4,0,4,381,190.5,market_order,0.015,0.015,-1,-1,-1,-0.013805172420076867,-0.1605540515820452,"[99, 98]",1.8.3
v183-p04-b1-e006,4,0,5,401,200.5,market_order,0.015,0.015,-1,-1,-1,-0.03938453195457543,-0.17237842419615196,"[99, 98]",1.8.3
v183-p04-b1-e007,4,0,6,421,210.5,market_order,0.015,0.015,-1,-1,-1,-0.06174908783626054,-0.20125041256808376,"[99, 98, 97]",1.8.3
v183-p04-b1-e008,4,0,7,441,220.5,market_order,0.015,0.015,-1,-1,-1,-0.08274417022085788,-0.23024004090863617,"[99, 98, 97]",1.8.3
v183-p04-b1-e009,4,0,8,461,230.5,market_order,0.015,0.015,-1,-1,-1,-0.10230281970134661,-0.25497631161118817,"[98, 97]",1.8.3
v183-p04-b1-e010,4,0,9,481,240.5,market_order,0.015,0.015,1,1,1,-0.11979074528838513,0.02869169900022926,"[99, 100, 101]",1.8.3
v183-p04-b1-e011,4,0,10,501,250.5,market_order,0.015,0.015,1,1,1,-0.08230379302499997,0.0628921377519089,"[100, 101]",1.8.3
v183-p04-b1-e012,4,0,11,521,260.5,market_order,0.015,0.015,1,1,1,-0.04867579487893753,0.08838445139104499,"[100, 101, 102]",1.8.3
v183-p04-b1-e013,4,0,12,541,270.5,market_order,0.015,0.015,1,1,1,-0.031985910630363754,0.11080552424725316,"[100, 101, 102]",1.8.3
v183-p04-b1-e014,4,0,13,561,280.5,market_order,0.015,0.015,-1,-1,-1,-0.02902940600908506,-0.1682121240326291,"[99, 98]",1.8.3
v183-p04-b1-e015,4,0,14,581,290.5,market_order,0.015,0.015,1,1,1,-0.06729710342427672,0.0697903621813092,"[100, 101]",1.8.3
v183-p04-b1-e016,4,0,15,601,300.5,market_order,0.015,0.015,1,1,1,-0.04604049346277685,0.0918533315575113,"[100, 101, 102]",1.8.3
v183-p04-b1-e017,4,0,16,621,310.5,market_order,0.015,0.015,1,1,1,-0.04148176920423988,0.09768013804065581,"[100, 101, 102]",1.8.3
v183-p04-b1-e018,4,0,17,641,320.5,market_order,0.015,0.015,1,1,1,-0.037050795714441476,0.10362749790196675,"[100, 101, 102]",1.8.3
v183-p04-b1-e019,4,0,18,661,330.5,market_order,0.015,0.015,-1,-1,-1,-0.029715087430155482,-0.16855277871146704,"[99, 98]",1.8.3
v183-p04-b1-e020,4,0,19,681,340.5,market_order,0.015,0.015,-1,-1,-1,-0.05459578791996431,-0.19365664121885423,"[99, 98, 97]",1.8.3
v183-p04-b1-e021,4,0,20,701,350.5,market_order,0.015,0.015,1,1,1,-0.06777902190113032,0.06966341440803034,"[100, 101]",1.8.3
v183-p04-b1-e022,4,0,21,721,360.5,market_order,0.015,0.015,1,1,1,-0.03179569491786208,0.11169943929396678,"[100, 101, 102]",1.8.3
v183-p04-b1-e023,4,0,22,741,370.5,market_order,0.015,0.015,1,1,1,-0.010463931464262971,0.1403425501018095,"[100, 101, 102]",1.8.3
v183-p04-b1-e024,4,0,23,761,380.5,market_order,0.015,0.015,1,1,1,0.015711898343706048,0.16177605122502148,"[101, 102]",1.8.3
v183-p04-b1-e025,4,0,24,781,390.5,market_order,0.015,0.015,1,1,1,0.029713750794545673,0.16824821304798213,"[101, 102]",1.8.3
v183-p04-b1-e026,4,0,25,801,400.5,market_order,0.015,0.015,1,1,1,0.03823131903024711,0.17213056566882423,"[101, 102]",1.8.3
v183-p04-b1-e027,4,0,26,821,410.5,market_order,0.015,0.015,1,1,1,0.045420960009724724,0.17920556289551065,"[101, 102, 103]",1.8.3
v183-p04-b1-e028,4,0,27,841,420.5,market_order,0.015,0.015,-1,-1,-1,0.05628594348304682,-0.08090137414393574,"[100, 99, 98]",1.8.3
v183-p04-b1-e029,4,0,28,861,430.5,market_order,0.015,0.015,1,1,1,0.023848264040017882,0.16588383964758338,"[101, 102]",1.8.3
v183-p04-b1-e030,4,0,29,881,440.5,market_order,0.015,0.015,1,1,1,0.052652421290655185,0.1902582633584373,"[101, 102, 103]",1.8.3
v183-p04-b1-e031,4,0,30,901,450.5,market_order,0.015,0.015,1,1,1,0.07140031687916379,0.21552377094639294,"[101, 102, 103]",1.8.3
v183-p04-b1-e032,4,0,31,921,460.5,market_order,0.015,0.015,1,1,1,0.09321237961132031,0.24509454142788029,"[101, 102, 103]",1.8.3
v183-p04-b1-e033,4,0,32,941,470.5,market_order,0.015,0.015,-1,-1,-1,0.10503490932234333,-0.049202419476164744,"[101, 100, 99]",1.8.3
v183-p04-b1-e034,4,0,33,961,480.5,market_order,0.015,0.015,1,1,1,0.0582676449516444,0.19956144151945476,"[101, 102, 103]",1.8.3
v183-p04-b1-e035,4,0,34,981,490.5,market_order,0.015,0.015,1,1,1,0.07498139697438161,0.22095668000942992,"[101, 102, 103]",1.8.3
v183-p04-b1-e036,4,0,35,1001,500.5,market_order,0.015,0.015,1,1,1,0.07940772937287661,0.22670861190981506,"[101, 102, 103]",1.8.3
v183-p04-b1-e037,4,0,36,1021,510.5,market_order,0.015,0.015,1,1,-1,0.07667783754258913,0.22290499678857603,"[101, 102, 103]",1.8.3
v183-p04-b1-e038,4,0,37,1041,520.5,market_order,0.015,0.015,1,1,1,0.07815223627736607,0.22483133131792385,"[101, 102, 103]",1.8.3
v183-p04-b1-e039,4,0,38,1061,530.5,market_order,0.015,0.015,1,1,-1,0.07061530656583968,0.21451653432672455,"[101, 102, 103]",1.8.3
v183-p04-b1-e040,4,0,39,1081,540.5,market_order,0.015,0.015,-1,-1,-1,0.06635633497409678,-0.0704654917359698,"[100, 99]",1.8.3
v183-p04-b1-e041,4,0,40,1101,550.5,market_order,0.015,0.015,1,1,1,0.027250862580443326,0.16752785506312554,"[101, 102]",1.8.3
v183-p04-b1-e042,4,0,41,1121,560.5,market_order,0.015,0.015,-1,-1,-1,0.0416248752366953,-0.10033015432849386,"[100, 99, 98]",1.8.3
v183-p04-b1-e043,4,0,42,1141,570.5,market_order,0.015,0.015,-1,-1,-1,0.009098454391412146,-0.1430031336254863,"[100, 99, 98]",1.8.3
v183-p04-b1-e044,4,0,43,1161,580.5,market_order,0.015,0.015,-1,-1,-1,-0.013715901983744505,-0.161323332821097,"[99, 98]",1.8.3
v183-p04-b1-e045,4,0,44,1181,590.5,market_order,0.015,0.015,-1,-1,-1,-0.027602136981358147,-0.1675897657847432,"[99, 98]",1.8.3
v183-p04-b1-e046,4,0,45,1201,600.5,market_order,0.015,0.015,-1,-1,-1,-0.03951332375955676,-0.17294976766368664,"[99, 98]",1.8.3
v183-p04-b1-e047,4,0,46,1221,610.5,market_order,0.015,0.015,-1,-1,-1,-0.04805451732024252,-0.1840262159983279,"[99, 98, 97]",1.8.3
v183-p04-b1-e048,4,0,47,1241,620.5,market_order,0.015,0.015,-1,-1,1,-0.04383135223657472,-0.17798229997359108,"[99, 98, 97]",1.8.3
v183-p04-b2-e001,4,1,0,311,155.5,market_order,0.015,0.015,-1,-1,0,-0.004838480420067556,-0.15434442000035425,"[99, 98]",1.8.3
v183-p04-b2-e002,4,1,1,331,165.5,market_order,0.015,0.015,-1,-1,-1,-0.02660183673007549,-0.16561810180337802,"[99, 98]",1.8.3
v183-p04-b2-e003,4,1,2,351,175.5,market_order,0.015,0.015,-1,-1,-1,-0.0289234365894631,-0.16695163501318014,"[99, 98]",1.8.3
v183-p04-b2-e004,4,1,3,371,185.5,market_order,0.015,0.015,-1,-1,-1,-0.042047069530350485,-0.1732823534815143,"[99, 98]",1.8.3
v183-p04-b2-e005,4,1,4,391,195.5,market_order,0.015,0.015,-1,-1,-1,-0.055182264673252,-0.19088633230635763,"[99, 98, 97]",1.8.3
v183-p04-b2-e006,4,1,5,411,205.5,market_order,0.015,0.015,-1,-1,-1,-0.06995057407932853,-0.21182729873843367,"[99, 98, 97]",1.8.3
v183-p04-b2-e007,4,1,6,431,215.5,market_order,0.015,0.015,-1,-1,-1,-0.08019471683123858,-0.22627386500305643,"[99, 98, 97]",1.8.3
v183-p04-b2-e008,4,1,7,451,225.5,market_order,0.015,0.015,-1,-1,-1,-0.09169422108628622,-0.2422522969774683,"[99, 98, 97]",1.8.3
v183-p04-b2-e009,4,1,8,471,235.5,market_order,0.015,0.015,-1,-1,-1,-0.10050488769104575,-0.25393971301750373,"[98, 97]",1.8.3
v183-p04-b2-e010,4,1,9,491,245.5,market_order,0.015,0.015,1,1,1,-0.10492717688349859,0.0488800314655735,"[99, 100, 101]",1.8.3
v183-p04-b2-e011,4,1,10,511,255.5,market_order,0.015,0.015,1,1,1,-0.0670910551347762,0.0698446972479903,"[100, 101]",1.8.3
v183-p04-b2-e012,4,1,11,531,265.5,market_order,0.015,0.015,-1,-1,-1,-0.036404952060843876,-0.17143121099698805,"[99, 98]",1.8.3
v183-p04-b2-e013,4,1,12,551,275.5,market_order,0.015,0.015,-1,-1,-1,-0.05936521587707243,-0.1991477487140525,"[99, 98, 97]",1.8.3
v183-p04-b2-e014,4,1,13,571,285.5,market_order,0.015,0.015,-1,-1,-1,-0.07234999635901011,-0.2165648215634304,"[99, 98, 97]",1.8.3
v183-p04-b2-e015,4,1,14,591,295.5,market_order,0.015,0.015,-1,-1,-1,-0.09176484573241286,-0.24295318586243272,"[99, 98, 97]",1.8.3
v183-p04-b2-e016,4,1,15,611,305.5,market_order,0.015,0.015,-1,-1,-1,-0.09916858692983709,-0.2529951210361495,"[99, 98, 97]",1.8.3
v183-p04-b2-e017,4,1,16,631,315.5,market_order,0.015,0.015,1,1,1,-0.09914416158029643,0.05622960145149436,"[100, 101]",1.8.3
v183-p04-b2-e018,4,1,17,651,325.5,market_order,0.015,0.015,1,1,1,-0.05391008658450743,0.08283520909161397,"[100, 101, 102]",1.8.3
v183-p04-b2-e019,4,1,18,671,335.5,market_order,0.015,0.015,1,1,1,-0.024549872666307912,0.12168070428249766,"[100, 101, 102]",1.8.3
v183-p04-b2-e020,4,1,19,691,345.5,market_order,0.015,0.015,1,1,1,-0.00990328929143415,0.14133212607529896,"[100, 101, 102]",1.8.3
v183-p04-b2-e021,4,1,20,711,355.5,market_order,0.015,0.015,1,1,1,0.0002695794955857255,0.15472823864384044,"[101, 102]",1.8.3
v183-p04-b2-e022,4,1,21,731,365.5,market_order,0.015,0.015,1,1,1,0.008706798349999248,0.15867030224896744,"[101, 102]",1.8.3
v183-p04-b2-e023,4,1,22,751,375.5,market_order,0.015,0.015,1,1,1,0.024919704761365218,0.16616127237126904,"[101, 102]",1.8.3
v183-p04-b2-e024,4,1,23,771,385.5,market_order,0.015,0.015,1,1,1,0.03233324100423753,0.16951210106051812,"[101, 102]",1.8.3
v183-p04-b2-e025,4,1,24,791,395.5,market_order,0.015,0.015,-1,-1,-1,0.04670501852014932,-0.09372587339056296,"[100, 99, 98]",1.8.3
v183-p04-b2-e026,4,1,25,811,405.5,market_order,0.015,0.015,1,1,1,0.012372950667085915,0.16087770398753126,"[101, 102]",1.8.3
v183-p04-b2-e027,4,1,26,831,415.5,market_order,0.015,0.015,1,1,1,0.038133893803715076,0.17229012585250275,"[101, 102]",1.8.3
v183-p04-b2-e028,4,1,27,851,425.5,market_order,0.015,0.015,1,1,1,0.04366363125356121,0.17758028768663134,"[101, 102, 103]",1.8.3
v183-p04-b2-e029,4,1,28,871,435.5,market_order,0.015,0.015,1,1,1,0.05607144115940674,0.19444338015630624,"[101, 102, 103]",1.8.3
v183-p04-b2-e030,4,1,29,891,445.5,market_order,0.015,0.015,1,1,1,0.0700480293137243,0.21361073986574522,"[101, 102, 103]",1.8.3
v183-p04-b2-e031,4,1,30,911,455.5,market_order,0.015,0.015,1,1,1,0.0840803039437186,0.23276788423354813,"[101, 102, 103]",1.8.3
v183-p04-b2-e032,4,1,31,931,465.5,market_order,0.015,0.015,-1,-1,-1,0.09473027877188725,-0.05828423651526115,"[100, 99]",1.8.3
v183-p04-b2-e033,4,1,32,951,475.5,market_order,0.015,0.015,-1,-1,-1,0.05703554481659541,-0.07916525162218549,"[100, 99, 98]",1.8.3
v183-p04-b2-e034,4,1,33,971,485.5,market_order,0.015,0.015,-1,-1,-1,0.033033920684551174,-0.11059763287551413,"[100, 99, 98]",1.8.3
v183-p04-b2-e035,4,1,34,991,495.5,market_order,0.015,0.015,-1,-1,-1,0.019452912193506804,-0.12872340608866104,"[100, 99, 98]",1.8.3
v183-p04-b2-e036,4,1,35,1011,505.5,market_order,0.015,0.015,-1,-1,-1,0.012484553479090285,-0.1380373799070835,"[100, 99, 98]",1.8.3
v183-p04-b2-e037,4,1,36,1031,515.5,market_order,0.015,0.015,-1,-1,-1,0.01173339176471128,-0.13901387648085467,"[100, 99, 98]",1.8.3
v183-p04-b2-e038,4,1,37,1051,525.5,market_order,0.015,0.015,-1,-1,-1,0.006013958604880173,-0.14663295613496188,"[100, 99, 98]",1.8.3
v183-p04-b2-e039,4,1,38,1071,535.5,market_order,0.015,0.015,-1,-1,1,0.017062351418609713,-0.13180558877899728,"[100, 99, 98]",1.8.3
v183-p04-b2-e040,4,1,39,1091,545.5,market_order,0.015,0.015,-1,-1,-1,0.013322891721154362,-0.1367462633590687,"[100, 99, 98]",1.8.3
v183-p04-b2-e041,4,1,40,1111,555.5,market_order,0.015,0.015,-1,-1,1,0.015020075713206458,-0.13443880882033285,"[100, 99, 98]",1.8.3
v183-p04-b2-e042,4,1,41,1131,565.5,market_order,0.015,0.015,-1,-1,-1,-0.0007452972243251893,-0.15486492703724658,"[99, 98]",1.8.3
v183-p04-b2-e043,4,1,42,1151,575.5,market_order,0.015,0.015,1,1,1,-0.010269853462009523,0.14253825208962076,"[100, 101, 102]",1.8.3
v183-p04-b2-e044,4,1,43,1171,585.5,market_order,0.015,0.015,1,1,1,0.020121561606543006,0.16458867102906533,"[101, 102]",1.8.3
v183-p04-b2-e045,4,1,44,1191,595.5,market_order,0.015,0.015,1,1,1,0.030217592381754824,0.16893908880512637,"[101, 102]",1.8.3
v183-p04-b2-e046,4,1,45,1211,605.5,market_order,0.015,0.015,1,1,1,0.03994018395320921,0.17389327668839855,"[101, 102, 103]",1.8.3
v183-p04-b2-e047,4,1,46,1231,615.5,market_order,0.015,0.015,1,1,1,0.04545679937753382,0.18090855431890765,"[101, 102, 103]",1.8.3
v183-p04-b2-e048,4,1,47,1251,625.5,market_order,0.015,0.015,-1,-1,-1,0.046045019992347426,-0.09490437932353284,"[100, 99, 98]",1.8.3
v183-p05-b1-e001,5,0,0,301,150.5,market_order,0.015,0.015,-1,-1,0,-0.01368523467097553,-0.15858444555471085,"[99, 98]",1.8.3
v183-p05-b1-e002,5,0,1,321,160.5,market_order,0.015,0.015,1,1,1,-0.04113090106449219,0.09635876063359451,"[100, 101, 102]",1.8.3
v183-p05-b1-e003,5,0,2,341,170.5,market_order,0.015,0.015,1,1,1,-0.010078460904200268,0.1394783227905486,"[100, 101, 102]",1.8.3
v183-p05-b1-e004,5,0,3,361,180.5,market_order,0.015,0.015,1,1,1,0.008750131891984345,0.15772566724284426,"[101, 102]",1.8.3
v183-p05-b1-e005,5,0,4,381,190.5,market_order,0.015,0.015,-1,-1,-1,0.028734298973317644,-0.11565876003839631,"[100, 99, 98]",1.8.3
v183-p05-b1-e006,5,0,5,401,200.5,market_order,0.015,0.015,1,1,1,0.0031565290874338413,0.15608850335636715,"[101, 102]",1.8.3
v183-p05-b1-e007,5,0,6,421,210.5,market_order,0.015,0.015,-1,-1,-1,0.032640948899108214,-0.1107423535313607,"[100, 99, 98]",1.8.3
v183-p05-b1-e008,5,0,7,441,220.5,market_order,0.015,0.015,-1,-1,-1,0.005856492467213502,-0.14642452726424615,"[100, 99, 98]",1.8.3
v183-p05-b1-e009,5,0,8,461,230.5,market_order,0.015,0.015,-1,-1,-1,-0.009952989234738724,-0.15892179844249082,"[99, 98]",1.8.3
v183-p05-b1-e010,5,0,9,481,240.5,market_order,0.015,0.015,-1,-1,-1,-0.026805567509128075,-0.16673324644805543,"[99, 98]",1.8.3
v183-p05-b1-e011,5,0,10,501,250.5,market_order,0.015,0.015,1,1,1,-0.043101403128763045,0.09746308244847668,"[100, 101, 102]",1.8.3
v183-p05-b1-e012,5,0,11,521,260.5,market_order,0.015,0.015,-1,-1,-1,-0.007535669233555975,-0.15840975132478982,"[99, 98]",1.8.3
v183-p05-b1-e013,5,0,12,541,270.5,market_order,0.015,0.015,-1,-1,-1,-0.023975703689902497,-0.1655934125989011,"[99, 98]",1.8.3
v183-p05-b1-e014,5,0,13,561,280.5,market_order,0.015,0.015,-1,-1,-1,-0.03160031513203568,-0.1689997238291948,"[99, 98]",1.8.3
v183-p05-b1-e015,5,0,14,581,290.5,market_order,0.015,0.015,-1,-1,-1,-0.03891851857492547,-0.1723328705156401,"[99, 98]",1.8.3
v183-p05-b1-e016,5,0,15,601,300.5,market_order,0.015,0.015,-1,-1,-1,-0.041410773333142886,-0.1734471091781184,"[99, 98]",1.8.3
v183-p05-b1-e017,5,0,16,621,310.5,market_order,0.015,0.015,-1,-1,-1,-0.05270863513415145,-0.18889005185851473,"[99, 98, 97]",1.8.3
v183-p05-b1-e018,5,0,17,641,320.5,market_order,0.015,0.015,-1,-1,-1,-0.0536770888148341,-0.19023332607395096,"[99, 98, 97]",1.8.3
v183-p05-b1-e019,5,0,18,661,330.5,market_order,0.015,0.015,-1,-1,-1,-0.053865300100232424,-0.19048927739770635,"[99, 98, 97]",1.8.3
v183-p05-b1-e020,5,0,19,681,340.5,market_order,0.015,0.015,-1,-1,-1,-0.05450495562478532,-0.19138026997376142,"[99, 98, 97]",1.8.3
v183-p05-b1-e021,5,0,20,701,350.5,market_order,0.015,0.015,-1,-1,1,-0.053263712506578464,-0.1896461501946376,"[99, 98, 97]",1.8.3
v183-p05-b1-e022,5,0,21,721,360.5,market_order,0.015,0.015,-1,-1,1,-0.052268359945497354,-0.18824590834312988,"[99, 98, 97]",1.8.3
v183-p05-b1-e023,5,0,22,741,370.5,market_order,0.015,0.015,-1,-1,1,-0.04207530875065589,-0.17387081793284545,"[99, 98, 97]",1.8.3
v183-p05-b1-e024,5,0,23,761,380.5,market_order,0.015,0.015,-1,-1,-1,-0.04276881460096309,-0.17477250254990853,"[99, 98, 97]",1.8.3
v183-p05-b1-e025,5,0,24,781,390.5,market_order,0.015,0.015,-1,-1,1,-0.03764760915592515,-0.17168315539877813,"[99, 98]",1.8.3
v183-p05-b1-e026,5,0,25,801,400.5,market_order,0.015,0.015,1,1,1,-0.03283069766470599,0.11160331385057976,"[100, 101, 102]",1.8.3
v183-p05-b1-e027,5,0,26,821,410.5,market_order,0.015,0.015,-1,-1,-1,0.015731107329292855,-0.13389935774102113,"[100, 99, 98]",1.8.3
v183-p05-b1-e028,5,0,27,841,420.5,market_order,0.015,0.015,1,1,1,-0.0041867972715099455,0.15012995509661245,"[100, 101, 102]",1.8.3
v183-p05-b1-e029,5,0,28,861,430.5,market_order,0.015,0.015,1,1,1,0.029547494036212964,0.16854618150058323,"[101, 102]",1.8.3
v183-p05-b1-e030,5,0,29,881,440.5,market_order,0.015,0.015,-1,-1,-1,0.047228134395384785,-0.09259867865302517,"[100, 99, 98]",1.8.3
v183-p05-b1-e031,5,0,30,901,450.5,market_order,0.015,0.015,-1,-1,-1,0.0219870206742114,-0.1252649616457384,"[100, 99, 98]",1.8.3
v183-p05-b1-e032,5,0,31,921,460.5,market_order,0.015,0.015,-1,-1,-1,0.006875725649828843,-0.14537412793803658,"[100, 99, 98]",1.8.3
v183-p05-b1-e033,5,0,32,941,470.5,market_order,0.015,0.015,-1,-1,-1,-0.005350836322708261,-0.15703660191111632,"[99, 98]",1.8.3
v183-p05-b1-e034,5,0,33,961,480.5,market_order,0.015,0.015,1,1,1,-0.016193397863782363,0.13434014147090745,"[100, 101, 102]",1.8.3
v183-p05-b1-e035,5,0,34,981,490.5,market_order,0.015,0.015,1,1,1,0.019382996185747455,0.1640804617083329,"[101, 102]",1.8.3
v183-p05-b1-e036,5,0,35,1001,500.5,market_order,0.015,0.015,-1,-1,-1,0.04424377479930928,-0.09682912315888241,"[100, 99, 98]",1.8.3
v183-p05-b1-e037,5,0,36,1021,510.5,market_order,0.015,0.015,1,1,1,0.015169555978663391,0.16237362720740767,"[101, 102]",1.8.3
v183-p05-b1-e038,5,0,37,1041,520.5,market_order,0.015,0.015,-1,-1,-1,0.04400406115421715,-0.09698458482504137,"[100, 99, 98]",1.8.3
v183-p05-b1-e039,5,0,38,1061,530.5,market_order,0.015,0.015,1,1,1,0.017010588904007914,0.16317372062183705,"[101, 102]",1.8.3
v183-p05-b1-e040,5,0,39,1081,540.5,market_order,0.015,0.015,1,1,1,0.04057608166842952,0.17507703380721104,"[101, 102, 103]",1.8.3
v183-p05-b1-e041,5,0,40,1101,550.5,market_order,0.015,0.015,-1,-1,-1,0.05737369074337316,-0.07950234228405596,"[100, 99, 98]",1.8.3
v183-p05-b1-e042,5,0,41,1121,560.5,market_order,0.015,0.015,1,1,1,0.02226191768201734,0.1654005626010731,"[101, 102]",1.8.3
v183-p05-b1-e043,5,0,42,1141,570.5,market_order,0.015,0.015,1,1,1,0.05023357217276044,0.18785353744155675,"[101, 102, 103]",1.8.3
v183-p05-b1-e044,5,0,43,1161,580.5,market_order,0.015,0.015,1,1,1,0.06802217918062882,0.21152741697272298,"[101, 102, 103]",1.8.3
v183-p05-b1-e045,5,0,44,1181,590.5,market_order,0.015,0.015,-1,-1,-1,0.07719436170466101,-0.0657770223607889,"[100, 99]",1.8.3
v183-p05-b1-e046,5,0,45,1201,600.5,market_order,0.015,0.015,-1,-1,-1,0.041330790068573625,-0.0997752154674573,"[100, 99, 98]",1.8.3
v183-p05-b1-e047,5,0,46,1221,610.5,market_order,0.015,0.015,-1,-1,-1,0.019384859046129112,-0.12886117183793402,"[100, 99, 98]",1.8.3
v183-p05-b1-e048,5,0,47,1241,620.5,market_order,0.015,0.015,-1,-1,-1,0.013156318329396373,-0.13713567597356371,"[100, 99, 98]",1.8.3
v183-p05-b2-e001,5,1,0,311,155.5,market_order,0.015,0.015,-1,-1,0,-0.0073734906498611336,-0.1555590189379755,"[99, 98]",1.8.3
v183-p05-b2-e002,5,1,1,331,165.5,market_order,0.015,0.015,1,1,1,-0.03145822706606914,0.10982388735606229,"[100, 101, 102]",1.8.3
v183-p05-b2-e003,5,1,2,351,175.5,market_order,0.015,0.015,1,1,1,-0.0040510086034275805,0.14789575005837471,"[100, 101, 102]",1.8.3
v183-p05-b2-e004,5,1,3,371,185.5,market_order,0.015,0.015,1,1,1,0.020048795891360594,0.16310825605014279,"[101, 102]",1.8.3
v183-p05-b2-e005,5,1,4,391,195.5,market_order,0.015,0.015,1,1,1,0.036359612987715555,0.17080542960828562,"[101, 102]",1.8.3
v183-p05-b2-e006,5,1,5,411,205.5,market_order,0.015,0.015,1,1,1,0.05116684201614462,0.18584085732788236,"[101, 102, 103]",1.8.3
v183-p05-b2-e007,5,1,6,431,215.5,market_order,0.015,0.015,1,1,1,0.0535168122788482,0.1891422819495363,"[101, 102, 103]",1.8.3
v183-p05-b2-e008,5,1,7,451,225.5,market_order,0.015,0.015,-1,-1,-1,0.050178937480096726,-0.08736436812347226,"[100, 99, 98]",1.8.3
v183-p05-b2-e009,5,1,8,471,235.5,market_order,0.015,0.015,-1,-1,-1,0.010441201395215786,-0.14035230533377352,"[100, 99, 98]",1.8.3
v183-p05-b2-e010,5,1,9,491,245.5,market_order,0.015,0.015,-1,-1,-1,-0.01473204017922719,-0.16126312275189292,"[99, 98]",1.8.3
v183-p05-b2-e011,5,1,10,511,255.5,market_order,0.015,0.015,1,1,1,-0.031012593296061347,0.11350495649230342,"[100, 101, 102]",1.8.3
v183-p05-b2-e012,5,1,11,531,265.5,market_order,0.015,0.015,1,1,1,0.002430022712360671,0.15575530782726033,"[101, 102]",1.8.3
v183-p05-b2-e013,5,1,12,551,275.5,market_order,0.015,0.015,1,1,1,0.015818282252135066,0.16182360783018993,"[101, 102]",1.8.3
v183-p05-b2-e014,5,1,13,571,285.5,market_order,0.015,0.015,-1,-1,-1,0.02178356130349255,-0.12621385608270547,"[100, 99, 98]",1.8.3
v183-p05-b2-e015,5,1,14,591,295.5,market_order,0.015,0.015,-1,-1,-1,-0.006160501182558578,-0.15771935128252268,"[99, 98]",1.8.3
v183-p05-b2-e016,5,1,15,611,305.5,market_order,0.015,0.015,-1,-1,-1,-0.034234285222215666,-0.17042517100447294,"[99, 98]",1.8.3
v183-p05-b2-e017,5,1,16,631,315.5,market_order,0.015,0.015,1,1,1,-0.0527470288287587,0.08504740377955261,"[100, 101, 102]",1.8.3
v183-p05-b2-e018,5,1,17,651,325.5,market_order,0.015,0.015,1,1,1,-0.03337047406245883,0.10968770831540785,"[100, 101, 102]",1.8.3
v183-p05-b2-e019,5,1,18,671,335.5,market_order,0.015,0.015,1,1,1,-0.01651662841874632,0.13222493329170867,"[100, 101, 102]",1.8.3
v183-p05-b2-e020,5,1,19,691,345.5,market_order,0.015,0.015,1,1,1,-0.006886134222716805,0.14516279478210659,"[100, 101, 102]",1.8.3
v183-p05-b2-e021,5,1,20,711,355.5,market_order,0.015,0.015,1,1,1,-0.004096284585608456,0.14889511693459628,"[100, 101, 102]",1.8.3
v183-p05-b2-e022,5,1,21,731,365.5,market_order,0.015,0.015,1,1,1,0.004264919239577918,0.156389029949621,"[101, 102]",1.8.3
v183-p05-b2-e023,5,1,22,751,375.5,market_order,0.015,0.015,1,1,1,0.012315803656278965,0.16016471272620234,"[101, 102]",1.8.3
v183-p05-b2-e024,5,1,23,771,385.5,market_order,0.015,0.015,1,1,1,0.014691961554459006,0.16123235187028093,"[101, 102]",1.8.3
v183-p05-b2-e025,5,1,24,791,395.5,market_order,0.015,0.015,-1,-1,-1,0.018822916711063436,-0.130676823561358,"[100, 99, 98]",1.8.3
v183-p05-b2-e026,5,1,25,811,405.5,market_order,0.015,0.015,1,1,1,-0.0210403792410135,0.12713409847444868,"[100, 101, 102]",1.8.3
v183-p05-b2-e027,5,1,26,831,415.5,market_order,0.015,0.015,1,1,1,-0.002592628091939525,0.15120366554817677,"[100, 101, 102]",1.8.3
v183-p05-b2-e028,5,1,27,851,425.5,market_order,0.015,0.015,1,1,1,0.011121306744471652,0.15975111295810288,"[101, 102]",1.8.3
v183-p05-b2-e029,5,1,28,871,435.5,market_order,0.015,0.015,1,1,1,0.02502264989125128,0.16615164289699613,"[101, 102]",1.8.3
v183-p05-b2-e030,5,1,29,891,445.5,market_order,0.015,0.015,1,1,1,0.026723058719423928,0.1668564408946557,"[101, 102]",1.8.3
v183-p05-b2-e031,5,1,30,911,455.5,market_order,0.015,0.015,-1,-1,-1,0.029683130432792106,-0.11622206791751204,"[100, 99, 98]",1.8.3
v183-p05-b2-e032,5,1,31,931,465.5,market_order,0.015,0.015,-1,-1,-1,-0.007363516237415782,-0.15864334283937054,"[99, 98]",1.8.3
v183-p05-b2-e033,5,1,32,951,475.5,market_order,0.015,0.015,1,1,1,-0.03552010271668683,0.10833793135635528,"[100, 101, 102]",1.8.3
v183-p05-b2-e034,5,1,33,971,485.5,market_order,0.015,0.015,1,1,1,-0.0023069326884219143,0.1518268299739387,"[100, 101, 102]",1.8.3
v183-p05-b2-e035,5,1,34,991,495.5,market_order,0.015,0.015,1,1,1,0.01570994130927892,0.16203265218637483,"[101, 102]",1.8.3
v183-p05-b2-e036,5,1,35,1011,505.5,market_order,0.015,0.015,-1,-1,-1,0.025614663005766956,-0.12180174820465321,"[100, 99, 98]",1.8.3
v183-p05-b2-e037,5,1,36,1031,515.5,market_order,0.015,0.015,-1,-1,-1,-0.006825730442088715,-0.15841479695137814,"[99, 98]",1.8.3
v183-p05-b2-e038,5,1,37,1051,525.5,market_order,0.015,0.015,-1,-1,-1,-0.024123132352710436,-0.16609546716987122,"[99, 98]",1.8.3
v183-p05-b2-e039,5,1,38,1071,535.5,market_order,0.015,0.015,-1,-1,-1,-0.032291684327630965,-0.1696933992995593,"[99, 98]",1.8.3
v183-p05-b2-e040,5,1,39,1091,545.5,market_order,0.015,0.015,1,1,1,-0.03686935903219134,0.10681417320541818,"[100, 101, 102]",1.8.3
v183-p05-b2-e041,5,1,40,1111,555.5,market_order,0.015,0.015,1,1,1,-0.0014874769300578516,0.15321352719311337,"[100, 101, 102]",1.8.3
v183-p05-b2-e042,5,1,41,1131,565.5,market_order,0.015,0.015,1,1,1,0.026058924667842476,0.16694306979606,"[101, 102]",1.8.3
v183-p05-b2-e043,5,1,42,1151,575.5,market_order,0.015,0.015,1,1,1,0.05404022152302019,0.1926315047622796,"[101, 102, 103]",1.8.3
v183-p05-b2-e044,5,1,43,1171,585.5,market_order,0.015,0.015,1,1,1,0.06865475441424265,0.21224124737683445,"[101, 102, 103]",1.8.3
v183-p05-b2-e045,5,1,44,1191,595.5,market_order,0.015,0.015,-1,-1,-1,0.06767596290768986,-0.06994569304052588,"[100, 99]",1.8.3
v183-p05-b2-e046,5,1,45,1211,605.5,market_order,0.015,0.015,1,1,1,0.026280749352756146,0.16717910787676593,"[101, 102]",1.8.3
v183-p05-b2-e047,5,1,46,1231,615.5,market_order,0.015,0.015,1,1,1,0.04225753902615037,0.17660112329785932,"[101, 102, 103]",1.8.3
v183-p05-b2-e048,5,1,47,1251,625.5,market_order,0.015,0.015,1,1,1,0.04333026094793099,0.17729619013481118,"[101, 102, 103]",1.8.3
v183-p06-b1-e001,6,0,0,301,150.5,market_order,0.015,0.015,1,1,0,0.008777985308656143,0.15623227781011648,"[101, 102]",1.8.3
v183-p06-b1-e002,6,0,1,321,160.5,market_order,0.015,0.015,1,1,1,0.034040924784113934,0.1691360432609018,"[101, 102]",1.8.3
v183-p06-b1-e003,6,0,2,341,170.5,market_order,0.015,0.015,-1,-1,-1,0.05388483805817854,-0.08020106366764523,"[100, 99, 98]",1.8.3
v183-p06-b1-e004,6,0,3,361,180.5,market_order,0.015,0.015,1,1,1,0.02097809775887921,0.16378268792344325,"[101, 102]",1.8.3
v183-p06-b1-e005,6,0,4,381,190.5,market_order,0.015,0.015,-1,-1,-1,0.055035477315692194,-0.0795850376731208,"[100, 99, 98]",1.8.3
v183-p06-b1-e006,6,0,5,401,200.5,market_order,0.015,0.015,1,1,1,0.031775567046375845,0.16893949093160326,"[101, 102]",1.8.3
v183-p06-b1-e007,6,0,6,421,210.5,market_order,0.015,0.015,1,1,1,0.05374780372478899,0.19039791899719613,"[101, 102, 103]",1.8.3
v183-p06-b1-e008,6,0,7,441,220.5,market_order,0.015,0.015,1,1,1,0.0780771618846633,0.22378543230500825,"[101, 102, 103]",1.8.3
v183-p06-b1-e009,6,0,8,461,230.5,market_order,0.015,0.015,-1,-1,-1,0.08942333464963369,-0.059875238053870385,"[100, 99]",1.8.3
v183-p06-b1-e010,6,0,9,481,240.5,market_order,0.015,0.015,1,1,1,0.05244689707920608,0.19051875782503586,"[101, 102, 103]",1.8.3
v183-p06-b1-e011,6,0,10,501,250.5,market_order,0.015,0.015,1,1,1,0.07202328438277329,0.216084991820732,"[101, 102, 103]",1.8.3
v183-p06-b1-e012,6,0,11,521,260.5,market_order,0.015,0.015,1,1,1,0.0825055706064336,0.2302644009926686,"[101, 102, 103]",1.8.3
v183-p06-b1-e013,6,0,12,541,270.5,market_order,0.015,0.015,1,1,1,0.09371845576591348,0.24551694940892077,"[101, 102, 103]",1.8.3
v183-p06-b1-e014,6,0,13,561,280.5,market_order,0.015,0.015,-1,-1,-1,0.09522346711030734,-0.0577259514231981,"[100, 99]",1.8.3
v183-p06-b1-e015,6,0,14,581,290.5,market_order,0.015,0.015,1,1,1,0.047612410663136706,0.1846058862175269,"[101, 102, 103]",1.8.3
v183-p06-b1-e016,6,0,15,601,300.5,market_order,0.015,0.015,1,1,1,0.06547038413196388,0.20744975744365096,"[101, 102, 103]",1.8.3
v183-p06-b1-e017,6,0,16,621,310.5,market_order,0.015,0.015,-1,-1,-1,0.06882058461524274,-0.06916945762372312,"[100, 99]",1.8.3
v183-p06-b1-e018,6,0,17,641,320.5,market_order,0.015,0.015,-1,-1,-1,0.02497695340105913,-0.12114275677635832,"[100, 99, 98]",1.8.3
v183-p06-b1-e019,6,0,18,661,330.5,market_order,0.015,0.015,-1,-1,-1,-0.0016701836723551355,-0.15542577553614995,"[99, 98]",1.8.3
v183-p06-b1-e020,6,0,19,681,340.5,market_order,0.015,0.015,-1,-1,-1,-0.0165217475591697,-0.16228545124006277,"[99, 98]",1.8.3
v183-p06-b1-e021,6,0,20,701,350.5,market_order,0.015,0.015,1,1,1,-0.032854687799597396,0.11174811422525727,"[100, 101, 102]",1.8.3
v183-p06-b1-e022,6,0,21,721,360.5,market_order,0.015,0.015,1,1,1,-0.003866975278112597,0.1498076246467501,"[100, 101, 102]",1.8.3
v183-p06-b1-e023,6,0,22,741,370.5,market_order,0.015,0.015,-1,-1,-1,0.01922775576267228,-0.1299247125461303,"[100, 99, 98]",1.8.3
v183-p06-b1-e024,6,0,23,761,380.5,market_order,0.015,0.015,-1,-1,-1,-0.011921491191684813,-0.16044041982518886,"[99, 98]",1.8.3
v183-p06-b1-e025,6,0,24,781,390.5,market_order,0.015,0.015,-1,-1,-1,-0.029582829601214153,-0.16836986031648807,"[99, 98]",1.8.3
v183-p06-b1-e026,6,0,25,801,400.5,market_order,0.015,0.015,-1,-1,-1,-0.037193079913249105,-0.17175173994549184,"[99, 98]",1.8.3
v183-p06-b1-e027,6,0,26,821,410.5,market_order,0.015,0.015,1,1,1,-0.040443517734757475,0.1017156487662008,"[100, 101, 102]",1.8.3
v183-p06-b1-e028,6,0,27,841,420.5,market_order,0.015,0.015,-1,-1,-1,-0.000596335042022722,-0.1556174419280198,"[99, 98]",1.8.3
v183-p06-b1-e029,6,0,28,861,430.5,market_order,0.015,0.015,-1,-1,-1,-0.026122053585059313,-0.1668419808093488,"[99, 98]",1.8.3
v183-p06-b1-e030,6,0,29,881,440.5,market_order,0.015,0.015,-1,-1,-1,-0.028639794368937307,-0.16783860569016198,"[99, 98]",1.8.3
v183-p06-b1-e031,6,0,30,901,450.5,market_order,0.015,0.015,1,1,1,-0.03078467879760259,0.11463380667352964,"[100, 101, 102]",1.8.3
v183-p06-b1-e032,6,0,31,921,460.5,market_order,0.015,0.015,-1,-1,-1,-0.002830362529598937,-0.15665693291773003,"[99, 98]",1.8.3
v183-p06-b1-e033,6,0,32,941,470.5,market_order,0.015,0.015,-1,-1,-1,-0.028273113081098727,-0.16783898699378683,"[99, 98]",1.8.3
v183-p06-b1-e034,6,0,33,961,480.5,market_order,0.015,0.015,-1,-1,-1,-0.04076209159953957,-0.17378481924723202,"[99, 98, 97]",1.8.3
v183-p06-b1-e035,6,0,34,981,490.5,market_order,0.015,0.015,-1,-1,-1,-0.04833777048901578,-0.18377947707201966,"[99, 98, 97]",1.8.3
v183-p06-b1-e036,6,0,35,1001,500.5,market_order,0.015,0.015,1,1,1,-0.0536949108516025,0.08445048140875282,"[100, 101, 102]",1.8.3
v183-p06-b1-e037,6,0,36,1021,510.5,market_order,0.015,0.015,1,1,1,-0.012164762911638843,0.13883966485769866,"[100, 101, 102]",1.8.3
v183-p06-b1-e038,6,0,37,1041,520.5,market_order,0.015,0.015,1,1,1,0.004531840868837239,0.1570750468418624,"[101, 102]",1.8.3
v183-p06-b1-e039,6,0,38,1061,530.5,market_order,0.015,0.015,1,1,1,0.01603464502359589,0.16228323967907837,"[101, 102]",1.8.3
v183-p06-b1-e040,6,0,39,1081,540.5,market_order,0.015,0.015,-1,-1,-1,0.028384046021621732,-0.11811233553806579,"[100, 99, 98]",1.8.3
v183-p06-b1-e041,6,0,40,1101,550.5,market_order,0.015,0.015,-1,-1,-1,-0.008182057411571811,-0.15893494720025778,"[99, 98]",1.8.3
v183-p06-b1-e042,6,0,41,1121,560.5,market_order,0.015,0.015,-1,-1,-1,-0.01622546606682118,-0.16241862537527674,"[99, 98]",1.8.3
v183-p06-b1-e043,6,0,42,1141,570.5,market_order,0.015,0.015,1,1,1,-0.0225097006532739,0.12594274986931428,"[100, 101, 102]",1.8.3
v183-p06-b1-e044,6,0,43,1161,580.5,market_order,0.015,0.015,1,1,1,0.016924259228626466,0.16293216100802033,"[101, 102]",1.8.3
v183-p06-b1-e045,6,0,44,1181,590.5,market_order,0.015,0.015,1,1,1,0.029212311844949584,0.16834686881214464,"[101, 102]",1.8.3
v183-p06-b1-e046,6,0,45,1201,600.5,market_order,0.015,0.015,1,1,1,0.038320663829085874,0.17239577532966352,"[101, 102]",1.8.3
v183-p06-b1-e047,6,0,46,1221,610.5,market_order,0.015,0.015,-1,-1,-1,0.04438312660834442,-0.09689482846559594,"[100, 99, 98]",1.8.3
v183-p06-b1-e048,6,0,47,1241,620.5,market_order,0.015,0.015,-1,-1,-1,-0.0010783390110407493,-0.15571192257382158,"[99, 98]",1.8.3
v183-p06-b2-e001,6,1,0,311,155.5,market_order,0.015,0.015,1,1,0,-0.004949523533645972,0.14490543456377158,"[100, 101, 102]",1.8.3
v183-p06-b2-e002,6,1,1,331,165.5,market_order,0.015,0.015,1,1,1,0.024866583362689352,0.16479248710148556,"[101, 102]",1.8.3
v183-p06-b2-e003,6,1,2,351,175.5,market_order,0.015,0.015,1,1,1,0.0449707121928019,0.17596588074808428,"[101, 102, 103]",1.8.3
v183-p06-b2-e004,6,1,3,371,185.5,market_order,0.015,0.015,1,1,1,0.05139476744007116,0.1852551931874487,"[101, 102, 103]",1.8.3
v183-p06-b2-e005,6,1,4,391,195.5,market_order,0.015,0.015,1,1,1,0.060457477754625163,0.19830638859470656,"[101, 102, 103]",1.8.3
v183-p06-b2-e006,6,1,5,411,205.5,market_order,0.015,0.015,1,1,1,0.0722310452430398,0.21502862746710327,"[101, 102, 103]",1.8.3
v183-p06-b2-e007,6,1,6,431,215.5,market_order,0.015,0.015,1,1,1,0.08380895837228028,0.23128150320654747,"[101, 102, 103]",1.8.3
v183-p06-b2-e008,6,1,7,451,225.5,market_order,0.015,0.015,1,1,1,0.09170615745546386,0.24229386181573564,"[101, 102, 103]",1.8.3
v183-p06-b2-e009,6,1,8,471,235.5,market_order,0.015,0.015,-1,-1,-1,0.10121340023244384,-0.05382148343985325,"[101, 100, 99]",1.8.3
v183-p06-b2-e010,6,1,9,491,245.5,market_order,0.015,0.015,1,1,1,0.06138006833550875,0.20268090398035538,"[101, 102, 103]",1.8.3
v183-p06-b2-e011,6,1,10,511,255.5,market_order,0.015,0.015,-1,-1,-1,0.07843882501298949,-0.0648337700566794,"[100, 99]",1.8.3
v183-p06-b2-e012,6,1,11,531,265.5,market_order,0.015,0.015,-1,-1,-1,0.04741536469703838,-0.09045541501207649,"[100, 99, 98]",1.8.3
v183-p06-b2-e013,6,1,12,551,275.5,market_order,0.015,0.015,-1,-1,-1,0.04491372200253815,-0.09327527332824902,"[100, 99, 98]",1.8.3
v183-p06-b2-e014,6,1,13,571,285.5,market_order,0.015,0.015,-1,-1,-1,0.03553807790374501,-0.10591503897228198,"[100, 99, 98]",1.8.3
v183-p06-b2-e015,6,1,14,591,295.5,market_order,0.015,0.015,-1,-1,-1,0.028238910158440923,-0.11586122985070506,"[100, 99, 98]",1.8.3
v183-p06-b2-e016,6,1,15,611,305.5,market_order,0.015,0.015,-1,-1,-1,0.024723981528912278,-0.1206663640104073,"[100, 99, 98]",1.8.3
v183-p06-b2-e017,6,1,16,631,315.5,market_order,0.015,0.015,-1,-1,-1,0.018890734417551264,-0.12862899827367139,"[100, 99, 98]",1.8.3
v183-p06-b2-e018,6,1,17,651,325.5,market_order,0.015,0.015,-1,-1,-1,0.014702675077272978,-0.13434888707721213,"[100, 99, 98]",1.8.3
v183-p06-b2-e019,6,1,18,671,335.5,market_order,0.015,0.015,-1,-1,-1,0.0004237578346280952,-0.15364113619786487,"[100, 99, 98]",1.8.3
v183-p06-b2-e020,6,1,19,691,345.5,market_order,0.015,0.015,-1,-1,-1,-0.015568289659373916,-0.16164523286805396,"[99, 98]",1.8.3
v183-p06-b2-e021,6,1,20,711,355.5,market_order,0.015,0.015,1,1,1,-0.02607993683464717,0.12095541557627117,"[100, 101, 102]",1.8.3
v183-p06-b2-e022,6,1,21,731,365.5,market_order,0.015,0.015,1,1,1,0.011504031920687585,0.16043834383648262,"[101, 102]",1.8.3
v183-p06-b2-e023,6,1,22,751,375.5,market_order,0.015,0.015,-1,-1,-1,0.032097578908564614,-0.11274607171891371,"[100, 99, 98]",1.8.3
v183-p06-b2-e024,6,1,23,771,385.5,market_order,0.015,0.015,-1,-1,-1,-0.0010048690469875582,-0.15533980550051416,"[99, 98]",1.8.3
v183-p06-b2-e025,6,1,24,791,395.5,market_order,0.015,0.015,1,1,1,-0.01787829300111167,0.131956097523729,"[100, 101, 102]",1.8.3
v183-p06-b2-e026,6,1,25,811,405.5,market_order,0.015,0.015,1,1,1,0.002696111231716431,0.15642915283757175,"[101, 102]",1.8.3
v183-p06-b2-e027,6,1,26,831,415.5,market_order,0.015,0.015,1,1,1,0.016664356136589037,0.16261872235306155,"[101, 102]",1.8.3
v183-p06-b2-e028,6,1,27,851,425.5,market_order,0.015,0.015,1,1,1,0.028456452681632976,0.16789509285508183,"[101, 102]",1.8.3
v183-p06-b2-e029,6,1,28,871,435.5,market_order,0.015,0.015,1,1,1,0.0325367907127766,0.16967451313406887,"[101, 102]",1.8.3
v183-p06-b2-e030,6,1,29,891,445.5,market_order,0.015,0.015,1,1,-1,0.03170664897526863,0.16923050555030472,"[101, 102]",1.8.3
v183-p06-b2-e031,6,1,30,911,455.5,market_order,0.015,0.015,-1,-1,-1,0.030537872711325634,-0.11506993129317097,"[100, 99, 98]",1.8.3
v183-p06-b2-e032,6,1,31,931,465.5,market_order,0.015,0.015,-1,-1,-1,-0.004764128134678872,-0.157417393108667,"[99, 98]",1.8.3
v183-p06-b2-e033,6,1,32,951,475.5,market_order,0.015,0.015,-1,-1,-1,-0.027955713079895445,-0.16780031722884142,"[99, 98]",1.8.3
v183-p06-b2-e034,6,1,33,971,485.5,market_order,0.015,0.015,1,1,1,-0.045804337353648764,0.09495603691063138,"[100, 101, 102]",1.8.3
v183-p06-b2-e035,6,1,34,991,495.5,market_order,0.015,0.015,1,1,1,-0.025657263406053996,0.12067291935885542,"[100, 101, 102]",1.8.3
v183-p06-b2-e036,6,1,35,1011,505.5,market_order,0.015,0.015,1,1,1,-0.012516103486889932,0.13805148843382714,"[100, 101, 102]",1.8.3
v183-p06-b2-e037,6,1,36,1031,515.5,market_order,0.015,0.015,-1,-1,-1,0.0012972017432179525,-0.15426737735305016,"[100, 99, 98]",1.8.3
v183-p06-b2-e038,6,1,37,1051,525.5,market_order,0.015,0.015,-1,-1,-1,-0.03529298109267341,-0.17122531544908992,"[99, 98]",1.8.3
v183-p06-b2-e039,6,1,38,1071,535.5,market_order,0.015,0.015,1,1,1,-0.043295484505399766,0.09816034175592576,"[100, 101, 102]",1.8.3
v183-p06-b2-e040,6,1,39,1091,545.5,market_order,0.015,0.015,1,1,1,-0.00733719827373891,0.1452325040101537,"[100, 101, 102]",1.8.3
v183-p06-b2-e041,6,1,40,1111,555.5,market_order,0.015,0.015,1,1,1,0.009791811913090033,0.1593972683321254,"[101, 102]",1.8.3
v183-p06-b2-e042,6,1,41,1131,565.5,market_order,0.015,0.015,1,1,1,0.021853001461047274,0.16487277036554474,"[101, 102]",1.8.3
v183-p06-b2-e043,6,1,42,1151,575.5,market_order,0.015,0.015,-1,-1,-1,0.031269465565491955,-0.11436612907909209,"[100, 99, 98]",1.8.3
v183-p06-b2-e044,6,1,43,1171,585.5,market_order,0.015,0.015,-1,-1,-1,0.005369545286318085,-0.14816548531115886,"[100, 99, 98]",1.8.3
v183-p06-b2-e045,6,1,44,1191,595.5,market_order,0.015,0.015,-1,-1,-1,-0.011477414523041254,-0.1603651936798293,"[99, 98]",1.8.3
v183-p06-b2-e046,6,1,45,1211,605.5,market_order,0.015,0.015,-1,-1,-1,-0.019229794708218215,-0.1637864646880688,"[99, 98]",1.8.3
v183-p06-b2-e047,6,1,46,1231,615.5,market_order,0.015,0.015,-1,-1,-1,-0.022222519592372314,-0.16506337450150552,"[99, 98]",1.8.3
v183-p06-b2-e048,6,1,47,1251,625.5,market_order,0.015,0.015,-1,-1,-1,-0.036949305619503825,-0.17177408678685754,"[99, 98]",1.8.3
v183-p07-b1-e001,7,0,0,301,150.5,market_order,0.015,0.015,-1,-1,0,-0.006067143019784213,-0.1549330050039585,"[99, 98]",1.8.3
v183-p07-b1-e002,7,0,1,321,160.5,market_order,0.015,0.015,1,1,1,-0.029672873386515655,0.11231424057469751,"[100, 101, 102]",1.8.3
v183-p07-b1-e003,7,0,2,341,170.5,market_order,0.015,0.015,1,1,1,-0.004284297490166622,0.14758299569166475,"[100, 101, 102]",1.8.3
v183-p07-b1-e004,7,0,3,361,180.5,market_order,0.015,0.015,-1,-1,-1,0.005641926497755143,-0.14688314094530633,"[100, 99, 98]",1.8.3
v183-p07-b1-e005,7,0,4,381,190.5,market_order,0.015,0.015,1,1,1,-0.02574476971008588,0.11946836402630295,"[100, 101, 102]",1.8.3
v183-p07-b1-e006,7,0,5,401,200.5,market_order,0.015,0.015,-1,-1,-1,-0.008786173492332058,-0.15878469516972502,"[99, 98]",1.8.3
v183-p07-b1-e007,7,0,6,421,210.5,market_order,0.015,0.015,-1,-1,-1,-0.034153191102558295,-0.17009199100867245,"[99, 98]",1.8.3
v183-p07-b1-e008,7,0,7,441,220.5,market_order,0.015,0.015,-1,-1,-1,-0.048396294198746685,-0.18304010164508683,"[99, 98, 97]",1.8.3
v183-p07-b1-e009,7,0,8,461,230.5,market_order,0.015,0.015,-1,-1,-1,-0.06140273604572698,-0.20086331397338858,"[99, 98, 97]",1.8.3
v183-p07-b1-e010,7,0,9,481,240.5,market_order,0.015,0.015,-1,-1,-1,-0.08068864864331544,-0.22748964225303656,"[99, 98, 97]",1.8.3
v183-p07-b1-e011,7,0,10,501,250.5,market_order,0.015,0.015,1,1,1,-0.09103779913849983,0.059361266081159735,"[100, 101]",1.8.3
v183-p07-b1-e012,7,0,11,521,260.5,market_order,0.015,0.015,1,1,1,-0.057031910502648574,0.07765891585550481,"[100, 101, 102]",1.8.3
v183-p07-b1-e013,7,0,12,541,270.5,market_order,0.015,0.015,1,1,1,-0.04123800263746369,0.09834203547721221,"[100, 101, 102]",1.8.3
v183-p07-b1-e014,7,0,13,561,280.5,market_order,0.015,0.015,1,1,1,-0.027814261427399692,0.11650301786937861,"[100, 101, 102]",1.8.3
v183-p07-b1-e015,7,0,14,581,290.5,market_order,0.015,0.015,1,1,1,-0.02752484294639762,0.11685517848991042,"[100, 101, 102]",1.8.3
v183-p07-b1-e016,7,0,15,601,300.5,market_order,0.015,0.015,1,1,1,-0.017857446063930346,0.13000926251560221,"[100, 101, 102]",1.8.3
v183-p07-b1-e017,7,0,16,621,310.5,market_order,0.015,0.015,1,1,1,-0.0072700210759449185,0.1443891097190889,"[100, 101, 102]",1.8.3
v183-p07-b1-e018,7,0,17,641,320.5,market_order,0.015,0.015,1,1,1,-0.00528583643079257,0.14711412402407562,"[100, 101, 102]",1.8.3
v183-p07-b1-e019,7,0,18,661,330.5,market_order,0.015,0.015,1,1,1,-0.0017161361815524606,0.15193485206287655,"[100, 101, 102]",1.8.3
v183-p07-b1-e020,7,0,19,681,340.5,market_order,0.015,0.015,1,1,1,0.008571634849433062,0.15833162017232094,"[101, 102]",1.8.3
v183-p07-b1-e021,7,0,20,701,350.5,market_order,0.015,0.015,1,1,1,0.024518874274520406,0.16581188178679482,"[101, 102]",1.8.3
v183-p07-b1-e022,7,0,21,721,360.5,market_order,0.015,0.015,-1,-1,-1,0.03706394452133885,-0.10636457220641969,"[100, 99, 98]",1.8.3
v183-p07-b1-e023,7,0,22,741,370.5,market_order,0.015,0.015,-1,-1,-1,0.014077230253184485,-0.1363290401719838,"[100, 99, 98]",1.8.3
v183-p07-b1-e024,7,0,23,761,380.5,market_order,0.015,0.015,-1,-1,-1,-0.013320976433360526,-0.1610896163403159,"[99, 98]",1.8.3
v183-p07-b1-e025,7,0,24,781,390.5,market_order,0.015,0.015,-1,-1,-1,-0.03083795841827855,-0.1689989719000201,"[99, 98]",1.8.3
v183-p07-b1-e026,7,0,25,801,400.5,market_order,0.015,0.015,1,1,1,-0.04554172883183132,0.09514911018412206,"[100, 101, 102]",1.8.3
v183-p07-b1-e027,7,0,26,821,410.5,market_order,0.015,0.015,1,1,1,-0.021721112191114597,0.12586872834362145,"[100, 101, 102]",1.8.3
v183-p07-b1-e028,7,0,27,841,420.5,market_order,0.015,0.015,-1,-1,-1,-0.009750368129357978,-0.1600333468542481,"[99, 98]",1.8.3
v183-p07-b1-e029,7,0,28,861,430.5,market_order,0.015,0.015,-1,-1,-1,-0.042051718797190725,-0.1771457623819268,"[99, 98, 97]",1.8.3
v183-p07-b1-e030,7,0,29,881,440.5,market_order,0.015,0.015,-1,-1,-1,-0.06247210975179352,-0.2040232449337789,"[99, 98, 97]",1.8.3
v183-p07-b1-e031,7,0,30,901,450.5,market_order,0.015,0.015,-1,-1,-1,-0.08248213644522234,-0.2309861419659391,"[99, 98, 97]",1.8.3
v183-p07-b1-e032,7,0,31,921,460.5,market_order,0.015,0.015,-1,-1,-1,-0.10237845293503754,-0.25564514887706397,"[98, 97]",1.8.3
v183-p07-b1-e033,7,0,32,941,470.5,market_order,0.015,0.015,-1,-1,-1,-0.11644771295533207,-0.26226195611641495,"[98, 97]",1.8.3
v183-p07-b1-e034,7,0,33,961,480.5,market_order,0.015,0.015,-1,-1,-1,-0.13416939146408352,-0.27042194256578894,"[98, 97]",1.8.3
v183-p07-b1-e035,7,0,34,981,490.5,market_order,0.015,0.015,-1,-1,-1,-0.13586214751556153,-0.27112387742001626,"[98, 97]",1.8.3
v183-p07-b1-e036,7,0,35,1001,500.5,market_order,0.015,0.015,1,1,1,-0.13388791819715498,0.010690135943244757,"[99, 100, 101]",1.8.3
v183-p07-b1-e037,7,0,36,1021,510.5,market_order,0.015,0.015,1,1,1,-0.08781303614106963,0.060810257284493414,"[100, 101]",1.8.3
v183-p07-b1-e038,7,0,37,1041,520.5,market_order,0.015,0.015,1,1,1,-0.0574102011720088,0.07782928286077626,"[100, 101, 102]",1.8.3
v183-p07-b1-e039,7,0,38,1061,530.5,market_order,0.015,0.015,1,1,1,-0.04297958365340118,0.09678268064103702,"[100, 101, 102]",1.8.3
v183-p07-b1-e040,7,0,39,1081,540.5,market_order,0.015,0.015,1,1,1,-0.03196574981855976,0.11156443697299681,"[100, 101, 102]",1.8.3
v183-p07-b1-e041,7,0,40,1101,550.5,market_order,0.015,0.015,1,1,1,-0.024328131095487426,0.12186028511171465,"[100, 101, 102]",1.8.3
v183-p07-b1-e042,7,0,41,1121,560.5,market_order,0.015,0.015,1,1,1,-0.016095425963412166,0.13296405236426015,"[100, 101, 102]",1.8.3
v183-p07-b1-e043,7,0,42,1141,570.5,market_order,0.015,0.015,1,1,1,4.1855396800412825e-05,0.15456572035718982,"[101, 102]",1.8.3
v183-p07-b1-e044,7,0,43,1161,580.5,market_order,0.015,0.015,1,1,1,0.013732593599416464,0.16104909552713484,"[101, 102]",1.8.3
v183-p07-b1-e045,7,0,44,1181,590.5,market_order,0.015,0.015,-1,-1,-1,0.02250288979380585,-0.12616484666269442,"[100, 99, 98]",1.8.3
v183-p07-b1-e046,7,0,45,1201,600.5,market_order,0.015,0.015,-1,-1,-1,-0.012084244809488276,-0.16092339077898432,"[99, 98]",1.8.3
v183-p07-b1-e047,7,0,46,1221,610.5,market_order,0.015,0.015,-1,-1,-1,-0.022950785466538406,-0.16564458175886132,"[99, 98]",1.8.3
v183-p07-b1-e048,7,0,47,1241,620.5,market_order,0.015,0.015,-1,-1,-1,-0.03355459039528609,-0.17034169483780653,"[99, 98]",1.8.3
v183-p07-b2-e001,7,1,0,311,155.5,market_order,0.015,0.015,-1,-1,0,-0.00819017923107572,-0.15595067440848892,"[99, 98]",1.8.3
v183-p07-b2-e002,7,1,1,331,165.5,market_order,0.015,0.015,-1,-1,-1,-0.027290454754803614,-0.16593227213324074,"[99, 98]",1.8.3
v183-p07-b2-e003,7,1,2,351,175.5,market_order,0.015,0.015,-1,-1,-1,-0.03314567644052671,-0.16894630490436785,"[99, 98]",1.8.3
v183-p07-b2-e004,7,1,3,371,185.5,market_order,0.015,0.015,-1,-1,-1,-0.0401610079728603,-0.172378913847565,"[99, 98]",1.8.3
v183-p07-b2-e005,7,1,4,391,195.5,market_order,0.015,0.015,-1,-1,-1,-0.04820132153674642,-0.18098421662393782,"[99, 98, 97]",1.8.3
v183-p07-b2-e006,7,1,5,411,205.5,market_order,0.015,0.015,1,1,1,-0.06608588054184684,0.06991884772264091,"[100, 101]",1.8.3
v183-p07-b2-e007,7,1,6,431,215.5,market_order,0.015,0.015,1,1,1,-0.03303492502712027,0.1092015486879301,"[100, 101, 102]",1.8.3
v183-p07-b2-e008,7,1,7,451,225.5,market_order,0.015,0.015,-1,-1,-1,-0.023224537139900484,-0.16530242439138407,"[99, 98]",1.8.3
v183-p07-b2-e009,7,1,8,471,235.5,market_order,0.015,0.015,-1,-1,-1,-0.057996211933605005,-0.19688822938691972,"[99, 98, 97]",1.8.3
v183-p07-b2-e010,7,1,9,491,245.5,market_order,0.015,0.015,-1,-1,-1,-0.08044667858607564,-0.2273568336500195,"[99, 98, 97]",1.8.3
v183-p07-b2-e011,7,1,10,511,255.5,market_order,0.015,0.015,-1,-1,-1,-0.08981637708034897,-0.2401545846182595,"[99, 98, 97]",1.8.3
v183-p07-b2-e012,7,1,11,531,265.5,market_order,0.015,0.015,-1,-1,-1,-0.0948098259142231,-0.24697348704315464,"[99, 98, 97]",1.8.3
v183-p07-b2-e013,7,1,12,551,275.5,market_order,0.015,0.015,-1,-1,1,-0.0932857041934051,-0.2449506994696731,"[99, 98, 97]",1.8.3
v183-p07-b2-e014,7,1,13,571,285.5,market_order,0.015,0.015,-1,-1,1,-0.08517068243169873,-0.23395844115790143,"[99, 98, 97]",1.8.3
v183-p07-b2-e015,7,1,14,591,295.5,market_order,0.015,0.015,1,1,1,-0.08503463966634653,0.062194502099217626,"[100, 101]",1.8.3
v183-p07-b2-e016,7,1,15,611,305.5,market_order,0.015,0.015,-1,-1,-1,-0.04584978952969532,-0.18218061522332266,"[99, 98, 97]",1.8.3
v183-p07-b2-e017,7,1,16,631,315.5,market_order,0.015,0.015,-1,-1,-1,-0.05966179859122329,-0.19946784666509548,"[99, 98, 97]",1.8.3
v183-p07-b2-e018,7,1,17,651,325.5,market_order,0.015,0.015,1,1,1,-0.06916502978622223,0.06903769073422239,"[100, 101]",1.8.3
v183-p07-b2-e019,7,1,18,671,335.5,market_order,0.015,0.015,1,1,1,-0.020316773014025666,0.12754233358336553,"[100, 101, 102]",1.8.3
v183-p07-b2-e020,7,1,19,691,345.5,market_order,0.015,0.015,1,1,1,-0.0001384374858576093,0.1545587164537457,"[100, 101, 102]",1.8.3
v183-p07-b2-e021,7,1,20,711,355.5,market_order,0.015,0.015,1,1,1,0.02609373345121262,0.16675579788946482,"[101, 102]",1.8.3
v183-p07-b2-e022,7,1,21,731,365.5,market_order,0.015,0.015,-1,-1,-1,0.043297302463224996,-0.09793452976404778,"[100, 99, 98]",1.8.3
v183-p07-b2-e023,7,1,22,751,375.5,market_order,0.015,0.015,-1,-1,-1,0.013000219256692829,-0.13749942611916766,"[100, 99, 98]",1.8.3
v183-p07-b2-e024,7,1,23,771,385.5,market_order,0.015,0.015,-1,-1,-1,-0.009613774230579283,-0.15919401801050842,"[99, 98]",1.8.3
v183-p07-b2-e025,7,1,24,791,395.5,market_order,0.015,0.015,-1,-1,-1,-0.028895419383431098,-0.16801008631645564,"[99, 98]",1.8.3
v183-p07-b2-e026,7,1,25,811,405.5,market_order,0.015,0.015,-1,-1,-1,-0.03415134451234439,-0.1703296264493781,"[99, 98]",1.8.3
v183-p07-b2-e027,7,1,26,831,415.5,market_order,0.015,0.015,-1,-1,-1,-0.03644120551813006,-0.17132652534657392,"[99, 98]",1.8.3
v183-p07-b2-e028,7,1,27,851,425.5,market_order,0.015,0.015,-1,-1,-1,-0.04153715821191193,-0.17395610786162286,"[99, 98, 97]",1.8.3
v183-p07-b2-e029,7,1,28,871,435.5,market_order,0.015,0.015,-1,-1,-1,-0.050462304139375636,-0.1862442817567465,"[99, 98, 97]",1.8.3
v183-p07-b2-e030,7,1,29,891,445.5,market_order,0.015,0.015,-1,-1,-1,-0.06650401790368465,-0.2084633432631163,"[99, 98, 97]",1.8.3
v183-p07-b2-e031,7,1,30,911,455.5,market_order,0.015,0.015,-1,-1,-1,-0.0815908210742121,-0.22919441374530855,"[99, 98, 97]",1.8.3
v183-p07-b2-e032,7,1,31,931,465.5,market_order,0.015,0.015,-1,-1,-1,-0.09495049367650661,-0.24736156308016177,"[99, 98, 97]",1.8.3
v183-p07-b2-e033,7,1,32,951,475.5,market_order,0.015,0.015,-1,-1,-1,-0.10080434622993446,-0.2546062132078906,"[98, 97]",1.8.3
v183-p07-b2-e034,7,1,33,971,485.5,market_order,0.015,0.015,1,1,1,-0.10758358552112535,0.045925072046727675,"[99, 100, 101]",1.8.3
v183-p07-b2-e035,7,1,34,991,495.5,market_order,0.015,0.015,1,1,1,-0.07275170168623234,0.06765819177750071,"[100, 101]",1.8.3
v183-p07-b2-e036,7,1,35,1011,505.5,market_order,0.015,0.015,1,1,1,-0.047508770679764785,0.09128971254849991,"[100, 101, 102]",1.8.3
v183-p07-b2-e037,7,1,36,1031,515.5,market_order,0.015,0.015,-1,-1,-1,-0.03491697794839872,-0.17106578473263626,"[99, 98]",1.8.3
v183-p07-b2-e038,7,1,37,1051,525.5,market_order,0.015,0.015,1,1,1,-0.06835450657766533,0.0695875497128415,"[100, 101]",1.8.3
v183-p07-b2-e039,7,1,38,1071,535.5,market_order,0.015,0.015,-1,-1,-1,-0.03547720780517194,-0.17126832007879103,"[99, 98]",1.8.3
v183-p07-b2-e040,7,1,39,1091,545.5,market_order,0.015,0.015,-1,-1,-1,-0.06064183392713796,-0.2018303928636115,"[99, 98, 97]",1.8.3
v183-p07-b2-e041,7,1,40,1111,555.5,market_order,0.015,0.015,1,1,1,-0.07428872631568431,0.067001624205163,"[100, 101]",1.8.3
v183-p07-b2-e042,7,1,41,1131,565.5,market_order,0.015,0.015,1,1,1,-0.03139937015370638,0.1130204703726944,"[100, 101, 102]",1.8.3
v183-p07-b2-e043,7,1,42,1151,575.5,market_order,0.015,0.015,1,1,1,-0.010681304988339468,0.14057240537355542,"[100, 101, 102]",1.8.3
v183-p07-b2-e044,7,1,43,1171,585.5,market_order,0.015,0.015,-1,-1,-1,0.008618264073864625,-0.14442462953622842,"[100, 99, 98]",1.8.3
v183-p07-b2-e045,7,1,44,1191,595.5,market_order,0.015,0.015,1,1,1,-0.01998347669342955,0.12906431044586913,"[100, 101, 102]",1.8.3
v183-p07-b2-e046,7,1,45,1211,605.5,market_order,0.015,0.015,1,1,1,0.009604798507271847,0.15947037233100905,"[101, 102]",1.8.3
v183-p07-b2-e047,7,1,46,1231,615.5,market_order,0.015,0.015,-1,-1,-1,0.02386716588253093,-0.12420006665947898,"[100, 99, 98]",1.8.3
v183-p07-b2-e048,7,1,47,1251,625.5,market_order,0.015,0.015,-1,-1,-1,-0.010608623592402902,-0.16009177718931278,"[99, 98]",1.8.3
