measurement_domain,observable,lag_index,lag_seconds,mean_autocorrelation,standard_error_across_paths,normal_95_lower,normal_95_upper,effective_pairs_per_book_member,software_version
previous_refresh_calendar,log_mid_increment,0,0.0,1.0,0.0,1.0,1.0,529,2.1.0
previous_refresh_calendar,log_mid_increment,1,5.0,-0.011146469525900673,0.005094588864035025,-0.021131863699409323,-0.0011610753523920245,528,2.1.0
previous_refresh_calendar,log_mid_increment,2,10.0,-0.015311963034432836,0.0063803868963321075,-0.027817521351243768,-0.0028064047176219065,527,2.1.0
previous_refresh_calendar,log_mid_increment,3,15.0,-0.026318589134550326,0.006288257864753104,-0.03864357454946641,-0.013993603719634241,526,2.1.0
previous_refresh_calendar,log_mid_increment,4,20.0,-0.014063674873943818,0.008480498143599803,-0.03068545123539943,0.002558101487511795,525,2.1.0
previous_refresh_calendar,log_mid_increment,5,25.0,-0.023130544582912606,0.006269244776771976,-0.03541826434538568,-0.010842824820439533,524,2.1.0
previous_refresh_calendar,log_mid_increment,6,30.0,-0.02512416080869474,0.007985931594675656,-0.040776586734259025,-0.009471734883130453,523,2.1.0
previous_refresh_calendar,log_mid_increment,7,35.0,-0.004932800177124228,0.006716394228500503,-0.01809693286498521,0.008231332510736758,522,2.1.0
previous_refresh_calendar,log_mid_increment,8,40.0,-0.0012655126233471563,0.006721801974499036,-0.014440244493365267,0.011909219246670953,521,2.1.0
previous_refresh_calendar,log_mid_increment,9,45.0,-0.0031028812134966093,0.005337667924714152,-0.013564710345936348,0.007358947918943129,520,2.1.0
previous_refresh_calendar,log_mid_increment,10,50.0,-0.019761685173700964,0.007551864995749335,-0.03456334056536966,-0.004960029782032268,519,2.1.0
previous_refresh_calendar,log_mid_increment,11,55.0,-0.008490905907490257,0.010135624945178985,-0.028356730800041065,0.011374918985060552,518,2.1.0
previous_refresh_calendar,log_mid_increment,12,60.0,-0.008260522954761878,0.008044699852692995,-0.024028134666040146,0.0075070887565163915,517,2.1.0
previous_refresh_calendar,log_mid_increment,13,65.0,-0.008613130334696564,0.008969721698987404,-0.026193784864711876,0.008967524195318747,516,2.1.0
previous_refresh_calendar,log_mid_increment,14,70.0,-0.012010175227710185,0.006512217410391772,-0.024774121352078057,0.0007537708966576864,515,2.1.0
previous_refresh_calendar,log_mid_increment,15,75.0,0.0008686759648071551,0.006523657366649863,-0.011917692473826576,0.013655044403440886,514,2.1.0
previous_refresh_calendar,log_mid_increment,16,80.0,-0.00626772088966358,0.005264945226059171,-0.016587013532739555,0.004051571753412395,513,2.1.0
previous_refresh_calendar,log_mid_increment,17,85.0,-0.008277256724430386,0.006307759646708537,-0.02064046563197912,0.004085952183118347,512,2.1.0
previous_refresh_calendar,log_mid_increment,18,90.0,0.005427498598143005,0.009240282940467637,-0.012683455965173564,0.023538453161459576,511,2.1.0
previous_refresh_calendar,log_mid_increment,19,95.0,-0.004145637862780583,0.008544054538343093,-0.020891984757933045,0.012600709032371878,510,2.1.0
previous_refresh_calendar,log_mid_increment,20,100.0,-0.00020320535195498916,0.004669006350327464,-0.009354457798596819,0.00894804709468684,509,2.1.0
previous_refresh_calendar,log_mid_increment,21,105.0,-0.0018486363569152017,0.008862291139499956,-0.019218726990335118,0.015521454276504714,508,2.1.0
previous_refresh_calendar,log_mid_increment,22,110.0,-0.010988040243078001,0.005430572813884411,-0.021631962958291447,-0.00034411752786455557,507,2.1.0
previous_refresh_calendar,log_mid_increment,23,115.0,-0.024940381035090775,0.007867009018724908,-0.040359718711791594,-0.009521043358389955,506,2.1.0
previous_refresh_calendar,log_mid_increment,24,120.0,-0.0007426699496609658,0.00782889516662791,-0.016087304476251667,0.014601964576929737,505,2.1.0
previous_refresh_calendar,log_mid_increment,25,125.0,-0.021002641731448363,0.007119594697061742,-0.034957047337689374,-0.007048236125207349,504,2.1.0
previous_refresh_calendar,log_mid_increment,26,130.0,0.0009982363953642403,0.007759566034559412,-0.014210513032372205,0.016206985823100685,503,2.1.0
previous_refresh_calendar,log_mid_increment,27,135.0,0.0009324281478069281,0.007161574325941,-0.013104257531037434,0.014969113826651288,502,2.1.0
previous_refresh_calendar,log_mid_increment,28,140.0,-0.01987190193129637,0.005084484117269179,-0.02983749080114396,-0.00990631306144878,501,2.1.0
previous_refresh_calendar,log_mid_increment,29,145.0,0.004748024903375619,0.00579351092641707,-0.006607256512401837,0.016103306319153077,500,2.1.0
previous_refresh_calendar,log_mid_increment,30,150.0,0.003459774342458248,0.007243805358539316,-0.010738084160278811,0.01765763284519531,499,2.1.0
previous_refresh_calendar,log_mid_increment,31,155.0,0.0030515623229580876,0.005467396169463433,-0.007664534169190241,0.013767658815106417,498,2.1.0
previous_refresh_calendar,log_mid_increment,32,160.0,0.004303708047144505,0.006848126802281959,-0.009118620485328134,0.017726036579617147,497,2.1.0
previous_refresh_calendar,log_mid_increment,33,165.0,-0.003958515903633121,0.00965553645525576,-0.02288336735593441,0.014966335548668169,496,2.1.0
previous_refresh_calendar,log_mid_increment,34,170.0,0.00039755708046410043,0.008967508452017416,-0.017178759485490035,0.017973873646418236,495,2.1.0
previous_refresh_calendar,log_mid_increment,35,175.0,-0.005930838445458802,0.00862792386856459,-0.022841569227845398,0.010979892336927793,494,2.1.0
previous_refresh_calendar,log_mid_increment,36,180.0,-0.003994559491614385,0.006182199659363242,-0.01611167082396634,0.00812255184073757,493,2.1.0
previous_refresh_calendar,log_mid_increment,37,185.0,-0.012042155100999336,0.0064188735339192286,-0.024623147227481025,0.000538837025482351,492,2.1.0
previous_refresh_calendar,log_mid_increment,38,190.0,0.005345893725623134,0.007642565016131715,-0.009633533705995028,0.020325321157241297,491,2.1.0
previous_refresh_calendar,log_mid_increment,39,195.0,1.8262539130575912e-06,0.009496988529482251,-0.018612271263872153,0.018615923771698267,490,2.1.0
previous_refresh_calendar,log_mid_increment,40,200.0,0.0039260139765836645,0.00917952441419147,-0.01406585387523162,0.021917881828398947,489,2.1.0
previous_refresh_calendar,absolute_log_mid_increment,0,0.0,1.0,0.0,1.0,1.0,529,2.1.0
previous_refresh_calendar,absolute_log_mid_increment,1,5.0,-0.10353074090239621,0.004921320635704519,-0.11317652934837706,-0.09388495245641536,528,2.1.0
previous_refresh_calendar,absolute_log_mid_increment,2,10.0,-0.05393567868074446,0.006010463184004792,-0.06571618652139385,-0.04215517084009507,527,2.1.0
previous_refresh_calendar,absolute_log_mid_increment,3,15.0,-0.024579601612788927,0.0074784305479240675,-0.0392373254867201,-0.009921877738857755,526,2.1.0
previous_refresh_calendar,absolute_log_mid_increment,4,20.0,-0.024714330684233222,0.009538560996435205,-0.04340991023724622,-0.0060187511312202215,525,2.1.0
previous_refresh_calendar,absolute_log_mid_increment,5,25.0,-0.010303745055640724,0.0073219416102163325,-0.024654750611664736,0.004047260500383287,524,2.1.0
previous_refresh_calendar,absolute_log_mid_increment,6,30.0,0.013820997873530187,0.007737937493198124,-0.0013453596131381366,0.02898735536019851,523,2.1.0
previous_refresh_calendar,absolute_log_mid_increment,7,35.0,-0.005352654805802657,0.00871255616076265,-0.02242926488089745,0.011723955269292137,522,2.1.0
previous_refresh_calendar,absolute_log_mid_increment,8,40.0,-0.004687744115057272,0.005962330241049515,-0.01637391138751432,0.006998423157399777,521,2.1.0
previous_refresh_calendar,absolute_log_mid_increment,9,45.0,0.0032241200299211663,0.00892019894341948,-0.014259469899181015,0.020707709959023348,520,2.1.0
previous_refresh_calendar,absolute_log_mid_increment,10,50.0,-0.010567612266293904,0.004679645579768425,-0.019739717602640018,-0.0013955069299477919,519,2.1.0
previous_refresh_calendar,absolute_log_mid_increment,11,55.0,0.005548785794077151,0.010921604943348893,-0.01585755989488668,0.026955131483040982,518,2.1.0
previous_refresh_calendar,absolute_log_mid_increment,12,60.0,-0.009999343344152867,0.009135953052496183,-0.027905811327045386,0.007907124638739653,517,2.1.0
previous_refresh_calendar,absolute_log_mid_increment,13,65.0,0.0035175963787808496,0.006056769602402099,-0.008353672041927263,0.015388864799488963,516,2.1.0
previous_refresh_calendar,absolute_log_mid_increment,14,70.0,0.01072870356699596,0.0068607736560398905,-0.002718412798842225,0.024175819932834144,515,2.1.0
previous_refresh_calendar,absolute_log_mid_increment,15,75.0,-0.012570221486839481,0.008316525911053975,-0.028870612272505272,0.0037301692988263094,514,2.1.0
previous_refresh_calendar,absolute_log_mid_increment,16,80.0,-0.0068940245100284295,0.006797675164688936,-0.020217467832818744,0.006429418812761885,513,2.1.0
previous_refresh_calendar,absolute_log_mid_increment,17,85.0,0.009926644388458314,0.006506872811896199,-0.002826826322858236,0.022680115099774863,512,2.1.0
previous_refresh_calendar,absolute_log_mid_increment,18,90.0,-0.004883784458389321,0.004490031446143406,-0.013684246092830397,0.003916677176051756,511,2.1.0
previous_refresh_calendar,absolute_log_mid_increment,19,95.0,0.002218001355493987,0.0069966574986546955,-0.011495447341869216,0.01593145005285719,510,2.1.0
previous_refresh_calendar,absolute_log_mid_increment,20,100.0,0.00553653755762282,0.0063110886192754775,-0.006833196136157116,0.017906271251402754,509,2.1.0
previous_refresh_calendar,absolute_log_mid_increment,21,105.0,-0.006801461233200916,0.009414853851336846,-0.02525457478182113,0.0116516523154193,508,2.1.0
previous_refresh_calendar,absolute_log_mid_increment,22,110.0,-0.00015166351847222892,0.009670140016302531,-0.01910513795042519,0.01880181091348073,507,2.1.0
previous_refresh_calendar,absolute_log_mid_increment,23,115.0,-0.0011052545727996887,0.005829663745912771,-0.01253139551478872,0.010320886369189344,506,2.1.0
previous_refresh_calendar,absolute_log_mid_increment,24,120.0,-0.013538658040730421,0.005992614453221168,-0.02528418236904391,-0.0017931337124169316,505,2.1.0
previous_refresh_calendar,absolute_log_mid_increment,25,125.0,0.021534880322339793,0.0067559078352469265,0.008293300965255818,0.03477645967942377,504,2.1.0
previous_refresh_calendar,absolute_log_mid_increment,26,130.0,-0.01560187883962926,0.008502647067623704,-0.03226706709217172,0.0010633094129132003,503,2.1.0
previous_refresh_calendar,absolute_log_mid_increment,27,135.0,-0.01153547060543886,0.00413354572530468,-0.019637220227036033,-0.003433720983841688,502,2.1.0
previous_refresh_calendar,absolute_log_mid_increment,28,140.0,0.011545676806627976,0.007609704247231702,-0.0033693435179461603,0.02646069713120211,501,2.1.0
previous_refresh_calendar,absolute_log_mid_increment,29,145.0,-0.008764937435303889,0.008638895912297218,-0.02569717342340643,0.008167298552798656,500,2.1.0
previous_refresh_calendar,absolute_log_mid_increment,30,150.0,0.01166405902934645,0.008830140113133714,-0.00564301559239563,0.02897113365108853,499,2.1.0
previous_refresh_calendar,absolute_log_mid_increment,31,155.0,0.0003215927532004446,0.0064823284791176786,-0.012383771065870207,0.013026956572271094,498,2.1.0
previous_refresh_calendar,absolute_log_mid_increment,32,160.0,0.005220519151514768,0.008905534901352919,-0.012234329255136954,0.022675367558166487,497,2.1.0
previous_refresh_calendar,absolute_log_mid_increment,33,165.0,-0.015073562072719784,0.005295863499143257,-0.025453454531040566,-0.004693669614399001,496,2.1.0
previous_refresh_calendar,absolute_log_mid_increment,34,170.0,0.0009154001468765788,0.007100884732946279,-0.013002333929698129,0.014833134223451287,495,2.1.0
previous_refresh_calendar,absolute_log_mid_increment,35,175.0,-0.003839680589327276,0.005171796522203549,-0.01397640177284623,0.006297040594191679,494,2.1.0
previous_refresh_calendar,absolute_log_mid_increment,36,180.0,0.0005448884093036004,0.009588191040771972,-0.018247966030609464,0.019337742849216667,493,2.1.0
previous_refresh_calendar,absolute_log_mid_increment,37,185.0,-0.0076997540737975875,0.008684191293847815,-0.024720769009739303,0.00932126086214413,492,2.1.0
previous_refresh_calendar,absolute_log_mid_increment,38,190.0,0.002657462298237265,0.009848096629716906,-0.016644807096007873,0.0219597316924824,491,2.1.0
previous_refresh_calendar,absolute_log_mid_increment,39,195.0,0.008098699870960064,0.007662959431626297,-0.006920700615027477,0.023118100356947606,490,2.1.0
previous_refresh_calendar,absolute_log_mid_increment,40,200.0,-0.005259785184342192,0.0074601664941269085,-0.019881711512830934,0.009362141144146548,489,2.1.0
previous_refresh_calendar,declared_aggressor_signed_flow,0,0.0,1.0,0.0,1.0,1.0,529,2.1.0
previous_refresh_calendar,declared_aggressor_signed_flow,1,5.0,0.02960454622587252,0.004810226890992937,0.020176501519526366,0.039032590932218676,528,2.1.0
previous_refresh_calendar,declared_aggressor_signed_flow,2,10.0,0.041570763664140205,0.0036604895740394486,0.03439620409902289,0.04874532322925752,527,2.1.0
previous_refresh_calendar,declared_aggressor_signed_flow,3,15.0,0.04991311255005847,0.00672677156929688,0.036728640274236585,0.06309758482588035,526,2.1.0
previous_refresh_calendar,declared_aggressor_signed_flow,4,20.0,0.040061955907375046,0.005710764895979887,0.02886885671125447,0.05125505510349562,525,2.1.0
previous_refresh_calendar,declared_aggressor_signed_flow,5,25.0,0.0380987361583296,0.005846057837238127,0.026640462797342872,0.049557009519316325,524,2.1.0
previous_refresh_calendar,declared_aggressor_signed_flow,6,30.0,0.023222354193633818,0.007429438496353561,0.00866065474078084,0.03778405364648679,523,2.1.0
previous_refresh_calendar,declared_aggressor_signed_flow,7,35.0,0.031199185660359032,0.009591873736658858,0.01239911313650767,0.049999258184210395,522,2.1.0
previous_refresh_calendar,declared_aggressor_signed_flow,8,40.0,0.025686375000565757,0.007065871771479616,0.01183726632846571,0.0395354836726658,521,2.1.0
previous_refresh_calendar,declared_aggressor_signed_flow,9,45.0,0.020482493078251,0.005809841751086916,0.009095203246120644,0.03186978291038135,520,2.1.0
previous_refresh_calendar,declared_aggressor_signed_flow,10,50.0,-0.00034623735870855906,0.005973317693963382,-0.012053940038876788,0.01136146532145967,519,2.1.0
previous_refresh_calendar,declared_aggressor_signed_flow,11,55.0,0.002666166903032395,0.004320796025115749,-0.0058025933061944725,0.011134927112259262,518,2.1.0
previous_refresh_calendar,declared_aggressor_signed_flow,12,60.0,-0.017878034215483174,0.008272501741940245,-0.034092137629686055,-0.001663930801280293,517,2.1.0
previous_refresh_calendar,declared_aggressor_signed_flow,13,65.0,-0.012263125741767399,0.011525445679827977,-0.03485299927423023,0.010326747790695435,516,2.1.0
previous_refresh_calendar,declared_aggressor_signed_flow,14,70.0,-0.009232701388415764,0.011002800165158162,-0.03079818971212576,0.012332786935294233,515,2.1.0
previous_refresh_calendar,declared_aggressor_signed_flow,15,75.0,-0.01012854835547928,0.005550287330034576,-0.02100711152234705,0.0007500148113884879,514,2.1.0
previous_refresh_calendar,declared_aggressor_signed_flow,16,80.0,-0.019076654615164237,0.008320087844830905,-0.03538402679103281,-0.0027692824392956637,513,2.1.0
previous_refresh_calendar,declared_aggressor_signed_flow,17,85.0,-0.012069785028981771,0.007252578333808008,-0.02628483856324547,0.0021452685052819245,512,2.1.0
previous_refresh_calendar,declared_aggressor_signed_flow,18,90.0,-0.013685617784798687,0.0062683322039247475,-0.02597154890449119,-0.0013996866651061826,511,2.1.0
previous_refresh_calendar,declared_aggressor_signed_flow,19,95.0,-0.025451996740932483,0.008837688517940956,-0.042773866236096754,-0.008130127245768212,510,2.1.0
previous_refresh_calendar,declared_aggressor_signed_flow,20,100.0,-0.017785550596937424,0.008257483988926987,-0.03397021921523431,-0.0016008819786405316,509,2.1.0
previous_refresh_calendar,declared_aggressor_signed_flow,21,105.0,0.009573608582170358,0.007841623672142091,-0.00579597381522814,0.024943190979568854,508,2.1.0
previous_refresh_calendar,declared_aggressor_signed_flow,22,110.0,0.004929046606213719,0.0104186424557871,-0.015491492607128997,0.025349585819556437,507,2.1.0
previous_refresh_calendar,declared_aggressor_signed_flow,23,115.0,-0.0129200737149895,0.008864837426240073,-0.030295155070420042,0.004455007640441043,506,2.1.0
previous_refresh_calendar,declared_aggressor_signed_flow,24,120.0,-0.017655551834713457,0.006583641718301805,-0.03055948960258499,-0.00475161406684192,505,2.1.0
previous_refresh_calendar,declared_aggressor_signed_flow,25,125.0,-0.011486216847392677,0.0062092311785921055,-0.023656309957433203,0.0006838762626478496,504,2.1.0
previous_refresh_calendar,declared_aggressor_signed_flow,26,130.0,-0.0033012788598048414,0.0071201979199464575,-0.0172568667828999,0.010654309063290216,503,2.1.0
previous_refresh_calendar,declared_aggressor_signed_flow,27,135.0,-0.002519001123754794,0.006406875252628001,-0.015076476618905677,0.010038474371396088,502,2.1.0
previous_refresh_calendar,declared_aggressor_signed_flow,28,140.0,-0.0017015664417816035,0.010515945644649548,-0.022312819905294715,0.01890968702173151,501,2.1.0
previous_refresh_calendar,declared_aggressor_signed_flow,29,145.0,0.006338750597437825,0.009287687364030323,-0.011865116636061608,0.02454261783093726,500,2.1.0
previous_refresh_calendar,declared_aggressor_signed_flow,30,150.0,-0.013893094998484585,0.008913131808997433,-0.03136283334411955,0.0035766433471503822,499,2.1.0
previous_refresh_calendar,declared_aggressor_signed_flow,31,155.0,-0.005967402103070163,0.009424585362799191,-0.024439589414156578,0.012504785208016251,498,2.1.0
previous_refresh_calendar,declared_aggressor_signed_flow,32,160.0,0.014617277168132388,0.006765214711638879,0.0013574563333201856,0.027877098002944592,497,2.1.0
previous_refresh_calendar,declared_aggressor_signed_flow,33,165.0,-0.002976557597147612,0.009417601441399854,-0.021435056422291328,0.015481941227996102,496,2.1.0
previous_refresh_calendar,declared_aggressor_signed_flow,34,170.0,-0.009732694173808282,0.009473013939652226,-0.028299801495526647,0.008834413147910081,495,2.1.0
previous_refresh_calendar,declared_aggressor_signed_flow,35,175.0,0.004400639324473837,0.008503983338745033,-0.012267168019466427,0.021068446668414103,494,2.1.0
previous_refresh_calendar,declared_aggressor_signed_flow,36,180.0,0.008486617070495403,0.008144139163952133,-0.007475895690850776,0.02444912983184158,493,2.1.0
previous_refresh_calendar,declared_aggressor_signed_flow,37,185.0,0.006091318100486924,0.009519275269254791,-0.012566461427252465,0.024749097628226316,492,2.1.0
previous_refresh_calendar,declared_aggressor_signed_flow,38,190.0,0.0007837307836781081,0.009471977399089584,-0.017781344918537476,0.019348806485893693,491,2.1.0
previous_refresh_calendar,declared_aggressor_signed_flow,39,195.0,0.006865400833001495,0.005474402678268994,-0.0038644284164057324,0.017595230082408722,490,2.1.0
previous_refresh_calendar,declared_aggressor_signed_flow,40,200.0,-0.008132627393651792,0.006328807777974496,-0.020537090638481803,0.00427183585117822,489,2.1.0
